{"type":"FeatureCollection","name":"cloacas_alcorta","crs":{"type":"name","properties":{"name":"urn:ogc:def:crs:OGC:1.3:CRS84"}},"features":[{"type":"Feature","properties":{"tipo":"boca_inspeccion","radio_cad":0.6,"handle":"5454","layer":"Cloacas"},"geometry":{"type":"Point","coordinates":[-61.126515,-33.535887]}},{"type":"Feature","properties":{"tipo":"boca_inspeccion","radio_cad":0.6,"handle":"555C","layer":"Cloacas"},"geometry":{"type":"Point","coordinates":[-61.125942,-33.536949]}},{"type":"Feature","properties":{"tipo":"boca_inspeccion","radio_cad":0.6,"handle":"5590","layer":"Cloacas"},"geometry":{"type":"Point","coordinates":[-61.1264001,-33.5359546]}},{"type":"Feature","properties":{"tipo":"boca_inspeccion","radio_cad":0.6,"handle":"5591","layer":"Cloacas"},"geometry":{"type":"Point","coordinates":[-61.126512,-33.5360011]}},{"type":"Feature","properties":{"tipo":"boca_inspeccion","radio_cad":0.6,"handle":"5592","layer":"Cloacas"},"geometry":{"type":"Point","coordinates":[-61.125772,-33.5370011]}},{"type":"Feature","properties":{"tipo":"boca_inspeccion","radio_cad":0.6,"handle":"55DF","layer":"Cloacas"},"geometry":{"type":"Point","coordinates":[-61.1283336,-33.5379455]}},{"type":"Feature","properties":{"tipo":"boca_inspeccion","radio_cad":0.6,"handle":"55E0","layer":"Cloacas"},"geometry":{"type":"Point","coordinates":[-61.1288986,-33.536991]}},{"type":"Feature","properties":{"tipo":"boca_inspeccion","radio_cad":0.6,"handle":"562A","layer":"Cloacas"},"geometry":{"type":"Point","coordinates":[-61.123428,-33.5359082]}},{"type":"Feature","properties":{"tipo":"boca_inspeccion","radio_cad":0.6,"handle":"562B","layer":"Cloacas"},"geometry":{"type":"Point","coordinates":[-61.1239927,-33.5349545]}},{"type":"Feature","properties":{"tipo":"boca_inspeccion","radio_cad":0.6,"handle":"566F","layer":"Cloacas"},"geometry":{"type":"Point","coordinates":[-61.1238264,-33.5348845]}},{"type":"Feature","properties":{"tipo":"boca_inspeccion","radio_cad":0.6,"handle":"5670","layer":"Cloacas"},"geometry":{"type":"Point","coordinates":[-61.123249,-33.5358379]}},{"type":"Feature","properties":{"tipo":"boca_inspeccion","radio_cad":0.6,"handle":"5785","layer":"Cloacas"},"geometry":{"type":"Point","coordinates":[-61.1251056,-33.5354181]}},{"type":"Feature","properties":{"tipo":"boca_inspeccion","radio_cad":0.6,"handle":"57FB","layer":"Cloacas"},"geometry":{"type":"Point","coordinates":[-61.1251518,-33.5353259]}},{"type":"Feature","properties":{"tipo":"boca_inspeccion","radio_cad":0.6,"handle":"57FC","layer":"Cloacas"},"geometry":{"type":"Point","coordinates":[-61.125242,-33.535359]}},{"type":"Feature","properties":{"tipo":"boca_inspeccion","radio_cad":0.6,"handle":"57FD","layer":"Cloacas"},"geometry":{"type":"Point","coordinates":[-61.1252276,-33.5354651]}},{"type":"Feature","properties":{"tipo":"boca_inspeccion","radio_cad":0.6,"handle":"5973","layer":"Cloacas"},"geometry":{"type":"Point","coordinates":[-61.124656,-33.5364188]}},{"type":"Feature","properties":{"tipo":"boca_inspeccion","radio_cad":0.6,"handle":"5A2F","layer":"Cloacas"},"geometry":{"type":"Point","coordinates":[-61.1244809,-33.5364666]}},{"type":"Feature","properties":{"tipo":"boca_inspeccion","radio_cad":0.6,"handle":"5B35","layer":"Cloacas"},"geometry":{"type":"Point","coordinates":[-61.1239317,-33.5373848]}},{"type":"Feature","properties":{"tipo":"boca_inspeccion","radio_cad":0.6,"handle":"5B3A","layer":"Cloacas"},"geometry":{"type":"Point","coordinates":[-61.1233032,-33.5384624]}},{"type":"Feature","properties":{"tipo":"boca_inspeccion","radio_cad":0.6,"handle":"6436","layer":"Cloacas"},"geometry":{"type":"Point","coordinates":[-61.1214726,-33.5391296]}},{"type":"Feature","properties":{"tipo":"boca_inspeccion","radio_cad":0.6,"handle":"6437","layer":"Cloacas"},"geometry":{"type":"Point","coordinates":[-61.1226152,-33.539608]}},{"type":"Feature","properties":{"tipo":"boca_inspeccion","radio_cad":0.6,"handle":"6674","layer":"Cloacas"},"geometry":{"type":"Point","coordinates":[-61.1209289,-33.5400452]}},{"type":"Feature","properties":{"tipo":"boca_inspeccion","radio_cad":0.6,"handle":"6695","layer":"Cloacas"},"geometry":{"type":"Point","coordinates":[-61.1220707,-33.5405237]}},{"type":"Feature","properties":{"tipo":"boca_inspeccion","radio_cad":0.6,"handle":"6764","layer":"Cloacas"},"geometry":{"type":"Point","coordinates":[-61.1215329,-33.5390366]}},{"type":"Feature","properties":{"tipo":"boca_inspeccion","radio_cad":0.6,"handle":"678D","layer":"Cloacas"},"geometry":{"type":"Point","coordinates":[-61.122097,-33.5380861]}},{"type":"Feature","properties":{"tipo":"boca_inspeccion","radio_cad":0.6,"handle":"6855","layer":"Cloacas"},"geometry":{"type":"Point","coordinates":[-61.1232348,-33.5385598]}},{"type":"Feature","properties":{"tipo":"boca_inspeccion","radio_cad":0.6,"handle":"6856","layer":"Cloacas"},"geometry":{"type":"Point","coordinates":[-61.1221877,-33.5380085]}},{"type":"Feature","properties":{"tipo":"boca_inspeccion","radio_cad":0.6,"handle":"6857","layer":"Cloacas"},"geometry":{"type":"Point","coordinates":[-61.1228193,-33.5369237]}},{"type":"Feature","properties":{"tipo":"boca_inspeccion","radio_cad":0.6,"handle":"6858","layer":"Cloacas"},"geometry":{"type":"Point","coordinates":[-61.1227624,-33.537027]}},{"type":"Feature","properties":{"tipo":"boca_inspeccion","radio_cad":0.6,"handle":"6859","layer":"Cloacas"},"geometry":{"type":"Point","coordinates":[-61.1238772,-33.537481]}},{"type":"Feature","properties":{"tipo":"boca_inspeccion","radio_cad":0.6,"handle":"685A","layer":"Cloacas"},"geometry":{"type":"Point","coordinates":[-61.123366,-33.5360043]}},{"type":"Feature","properties":{"tipo":"boca_inspeccion","radio_cad":0.6,"handle":"6BB8","layer":"Cloacas"},"geometry":{"type":"Point","coordinates":[-61.1253347,-33.5379609]}},{"type":"Feature","properties":{"tipo":"boca_inspeccion","radio_cad":0.8,"handle":"6BB9","layer":"Cloacas"},"geometry":{"type":"Point","coordinates":[-61.1253347,-33.5379609]}},{"type":"Feature","properties":{"tipo":"boca_inspeccion","radio_cad":0.6,"handle":"6BCA","layer":"Cloacas"},"geometry":{"type":"Point","coordinates":[-61.1277046,-33.5389509]}},{"type":"Feature","properties":{"tipo":"boca_inspeccion","radio_cad":0.8,"handle":"6BCB","layer":"Cloacas"},"geometry":{"type":"Point","coordinates":[-61.1277046,-33.5389509]}},{"type":"Feature","properties":{"tipo":"boca_inspeccion","radio_cad":0.6,"handle":"6BCD","layer":"Cloacas"},"geometry":{"type":"Point","coordinates":[-61.1276531,-33.5390424]}},{"type":"Feature","properties":{"tipo":"boca_inspeccion","radio_cad":0.8,"handle":"6BCE","layer":"Cloacas"},"geometry":{"type":"Point","coordinates":[-61.1276531,-33.5390424]}},{"type":"Feature","properties":{"tipo":"boca_inspeccion","radio_cad":0.6,"handle":"6BD0","layer":"Cloacas"},"geometry":{"type":"Point","coordinates":[-61.1265699,-33.5384777]}},{"type":"Feature","properties":{"tipo":"boca_inspeccion","radio_cad":0.8,"handle":"6BD1","layer":"Cloacas"},"geometry":{"type":"Point","coordinates":[-61.1265699,-33.5384777]}},{"type":"Feature","properties":{"tipo":"boca_inspeccion","radio_cad":0.6,"handle":"6BD3","layer":"Cloacas"},"geometry":{"type":"Point","coordinates":[-61.1263618,-33.5385452]}},{"type":"Feature","properties":{"tipo":"boca_inspeccion","radio_cad":0.8,"handle":"6BD4","layer":"Cloacas"},"geometry":{"type":"Point","coordinates":[-61.1263618,-33.5385452]}},{"type":"Feature","properties":{"tipo":"boca_inspeccion","radio_cad":0.6,"handle":"6BD6","layer":"Cloacas"},"geometry":{"type":"Point","coordinates":[-61.1252811,-33.5380651]}},{"type":"Feature","properties":{"tipo":"boca_inspeccion","radio_cad":0.8,"handle":"6BD7","layer":"Cloacas"},"geometry":{"type":"Point","coordinates":[-61.1252811,-33.5380651]}},{"type":"Feature","properties":{"tipo":"boca_inspeccion","radio_cad":0.6,"handle":"6DE1","layer":"Cloacas"},"geometry":{"type":"Point","coordinates":[-61.1270779,-33.5400236]}},{"type":"Feature","properties":{"tipo":"boca_inspeccion","radio_cad":0.8,"handle":"6DE2","layer":"Cloacas"},"geometry":{"type":"Point","coordinates":[-61.1270779,-33.5400236]}},{"type":"Feature","properties":{"tipo":"boca_inspeccion","radio_cad":0.6,"handle":"6DE4","layer":"Cloacas"},"geometry":{"type":"Point","coordinates":[-61.1270335,-33.5401296]}},{"type":"Feature","properties":{"tipo":"boca_inspeccion","radio_cad":0.8,"handle":"6DE5","layer":"Cloacas"},"geometry":{"type":"Point","coordinates":[-61.1270335,-33.5401296]}},{"type":"Feature","properties":{"tipo":"boca_inspeccion","radio_cad":0.6,"handle":"6DE7","layer":"Cloacas"},"geometry":{"type":"Point","coordinates":[-61.1259743,-33.5395688]}},{"type":"Feature","properties":{"tipo":"boca_inspeccion","radio_cad":0.8,"handle":"6DE8","layer":"Cloacas"},"geometry":{"type":"Point","coordinates":[-61.1259743,-33.5395688]}},{"type":"Feature","properties":{"tipo":"boca_inspeccion","radio_cad":0.6,"handle":"6DEA","layer":"Cloacas"},"geometry":{"type":"Point","coordinates":[-61.1257901,-33.539606]}},{"type":"Feature","properties":{"tipo":"boca_inspeccion","radio_cad":0.8,"handle":"6DEB","layer":"Cloacas"},"geometry":{"type":"Point","coordinates":[-61.1257901,-33.539606]}},{"type":"Feature","properties":{"tipo":"boca_inspeccion","radio_cad":0.6,"handle":"6DED","layer":"Cloacas"},"geometry":{"type":"Point","coordinates":[-61.1258077,-33.5395194]}},{"type":"Feature","properties":{"tipo":"boca_inspeccion","radio_cad":0.8,"handle":"6DEE","layer":"Cloacas"},"geometry":{"type":"Point","coordinates":[-61.1258077,-33.5395194]}},{"type":"Feature","properties":{"tipo":"boca_inspeccion","radio_cad":0.6,"handle":"6DF0","layer":"Cloacas"},"geometry":{"type":"Point","coordinates":[-61.1259013,-33.539661]}},{"type":"Feature","properties":{"tipo":"boca_inspeccion","radio_cad":0.8,"handle":"6DF1","layer":"Cloacas"},"geometry":{"type":"Point","coordinates":[-61.1259013,-33.539661]}},{"type":"Feature","properties":{"tipo":"boca_inspeccion","radio_cad":0.6,"handle":"7246","layer":"Cloacas"},"geometry":{"type":"Point","coordinates":[-61.1253262,-33.5406026]}},{"type":"Feature","properties":{"tipo":"boca_inspeccion","radio_cad":0.8,"handle":"7247","layer":"Cloacas"},"geometry":{"type":"Point","coordinates":[-61.1253262,-33.5406026]}},{"type":"Feature","properties":{"tipo":"boca_inspeccion","radio_cad":0.6,"handle":"7249","layer":"Cloacas"},"geometry":{"type":"Point","coordinates":[-61.1251589,-33.5406558]}},{"type":"Feature","properties":{"tipo":"boca_inspeccion","radio_cad":0.8,"handle":"724A","layer":"Cloacas"},"geometry":{"type":"Point","coordinates":[-61.1251589,-33.5406558]}},{"type":"Feature","properties":{"tipo":"boca_inspeccion","radio_cad":0.6,"handle":"724C","layer":"Cloacas"},"geometry":{"type":"Point","coordinates":[-61.1240657,-33.5400813]}},{"type":"Feature","properties":{"tipo":"boca_inspeccion","radio_cad":0.8,"handle":"724D","layer":"Cloacas"},"geometry":{"type":"Point","coordinates":[-61.1240657,-33.5400813]}},{"type":"Feature","properties":{"tipo":"boca_inspeccion","radio_cad":0.6,"handle":"724F","layer":"Cloacas"},"geometry":{"type":"Point","coordinates":[-61.1239035,-33.5401317]}},{"type":"Feature","properties":{"tipo":"boca_inspeccion","radio_cad":0.8,"handle":"7250","layer":"Cloacas"},"geometry":{"type":"Point","coordinates":[-61.1239035,-33.5401317]}},{"type":"Feature","properties":{"tipo":"boca_inspeccion","radio_cad":0.6,"handle":"7252","layer":"Cloacas"},"geometry":{"type":"Point","coordinates":[-61.1247134,-33.5390524]}},{"type":"Feature","properties":{"tipo":"boca_inspeccion","radio_cad":0.8,"handle":"7253","layer":"Cloacas"},"geometry":{"type":"Point","coordinates":[-61.1247134,-33.5390524]}},{"type":"Feature","properties":{"tipo":"boca_inspeccion","radio_cad":0.6,"handle":"7255","layer":"Cloacas"},"geometry":{"type":"Point","coordinates":[-61.1246302,-33.5391026]}},{"type":"Feature","properties":{"tipo":"boca_inspeccion","radio_cad":0.8,"handle":"7256","layer":"Cloacas"},"geometry":{"type":"Point","coordinates":[-61.1246302,-33.5391026]}},{"type":"Feature","properties":{"tipo":"boca_inspeccion","radio_cad":0.6,"handle":"7258","layer":"Cloacas"},"geometry":{"type":"Point","coordinates":[-61.1245477,-33.539092]}},{"type":"Feature","properties":{"tipo":"boca_inspeccion","radio_cad":0.8,"handle":"7259","layer":"Cloacas"},"geometry":{"type":"Point","coordinates":[-61.1245477,-33.539092]}},{"type":"Feature","properties":{"tipo":"boca_inspeccion","radio_cad":0.6,"handle":"725B","layer":"Cloacas"},"geometry":{"type":"Point","coordinates":[-61.123353,-33.5386026]}},{"type":"Feature","properties":{"tipo":"boca_inspeccion","radio_cad":0.8,"handle":"725C","layer":"Cloacas"},"geometry":{"type":"Point","coordinates":[-61.123353,-33.5386026]}},{"type":"Feature","properties":{"tipo":"boca_inspeccion","radio_cad":0.6,"handle":"725E","layer":"Cloacas"},"geometry":{"type":"Point","coordinates":[-61.123353,-33.5386026]}},{"type":"Feature","properties":{"tipo":"boca_inspeccion","radio_cad":0.8,"handle":"725F","layer":"Cloacas"},"geometry":{"type":"Point","coordinates":[-61.123353,-33.5386026]}},{"type":"Feature","properties":{"tipo":"boca_inspeccion","radio_cad":0.6,"handle":"7261","layer":"Cloacas"},"geometry":{"type":"Point","coordinates":[-61.1227946,-33.5395563]}},{"type":"Feature","properties":{"tipo":"boca_inspeccion","radio_cad":0.8,"handle":"7262","layer":"Cloacas"},"geometry":{"type":"Point","coordinates":[-61.1227946,-33.5395563]}},{"type":"Feature","properties":{"tipo":"boca_inspeccion","radio_cad":0.6,"handle":"7264","layer":"Cloacas"},"geometry":{"type":"Point","coordinates":[-61.1221957,-33.5405735]}},{"type":"Feature","properties":{"tipo":"boca_inspeccion","radio_cad":0.8,"handle":"7265","layer":"Cloacas"},"geometry":{"type":"Point","coordinates":[-61.1221957,-33.5405735]}},{"type":"Feature","properties":{"tipo":"boca_inspeccion","radio_cad":0.6,"handle":"7267","layer":"Cloacas"},"geometry":{"type":"Point","coordinates":[-61.1234601,-33.5410916]}},{"type":"Feature","properties":{"tipo":"boca_inspeccion","radio_cad":0.8,"handle":"7268","layer":"Cloacas"},"geometry":{"type":"Point","coordinates":[-61.1234601,-33.5410916]}},{"type":"Feature","properties":{"tipo":"boca_inspeccion","radio_cad":0.6,"handle":"726A","layer":"Cloacas"},"geometry":{"type":"Point","coordinates":[-61.124715,-33.5416132]}},{"type":"Feature","properties":{"tipo":"boca_inspeccion","radio_cad":0.8,"handle":"726B","layer":"Cloacas"},"geometry":{"type":"Point","coordinates":[-61.124715,-33.5416132]}},{"type":"Feature","properties":{"tipo":"boca_inspeccion","radio_cad":0.6,"handle":"726D","layer":"Cloacas"},"geometry":{"type":"Point","coordinates":[-61.1246033,-33.5415694]}},{"type":"Feature","properties":{"tipo":"boca_inspeccion","radio_cad":0.8,"handle":"726E","layer":"Cloacas"},"geometry":{"type":"Point","coordinates":[-61.1246033,-33.5415694]}},{"type":"Feature","properties":{"tipo":"boca_inspeccion","radio_cad":0.6,"handle":"7270","layer":"Cloacas"},"geometry":{"type":"Point","coordinates":[-61.1258513,-33.5420847]}},{"type":"Feature","properties":{"tipo":"boca_inspeccion","radio_cad":0.8,"handle":"7271","layer":"Cloacas"},"geometry":{"type":"Point","coordinates":[-61.1258513,-33.5420847]}},{"type":"Feature","properties":{"tipo":"boca_inspeccion","radio_cad":0.6,"handle":"7273","layer":"Cloacas"},"geometry":{"type":"Point","coordinates":[-61.126456,-33.5410794]}},{"type":"Feature","properties":{"tipo":"boca_inspeccion","radio_cad":0.8,"handle":"7274","layer":"Cloacas"},"geometry":{"type":"Point","coordinates":[-61.126456,-33.5410794]}},{"type":"Feature","properties":{"tipo":"boca_inspeccion","radio_cad":0.6,"handle":"7276","layer":"Cloacas"},"geometry":{"type":"Point","coordinates":[-61.1266327,-33.5411484]}},{"type":"Feature","properties":{"tipo":"boca_inspeccion","radio_cad":0.8,"handle":"7277","layer":"Cloacas"},"geometry":{"type":"Point","coordinates":[-61.1266327,-33.5411484]}},{"type":"Feature","properties":{"tipo":"boca_inspeccion","radio_cad":0.6,"handle":"7279","layer":"Cloacas"},"geometry":{"type":"Point","coordinates":[-61.1264024,-33.5411728]}},{"type":"Feature","properties":{"tipo":"boca_inspeccion","radio_cad":0.8,"handle":"727A","layer":"Cloacas"},"geometry":{"type":"Point","coordinates":[-61.1264024,-33.5411728]}},{"type":"Feature","properties":{"tipo":"boca_inspeccion","radio_cad":0.6,"handle":"730F","layer":"Cloacas"},"geometry":{"type":"Point","coordinates":[-61.1233551,-33.541051]}},{"type":"Feature","properties":{"tipo":"boca_inspeccion","radio_cad":0.8,"handle":"7310","layer":"Cloacas"},"geometry":{"type":"Point","coordinates":[-61.1233551,-33.541051]}},{"type":"Feature","properties":{"tipo":"conexion_domiciliaria","radio_cad":0.3,"handle":"7341","layer":"Cloacas"},"geometry":{"type":"Point","coordinates":[-61.1189921,-33.5379784]}},{"type":"Feature","properties":{"tipo":"conexion_domiciliaria","radio_cad":0.3,"handle":"7352","layer":"Cloacas"},"geometry":{"type":"Point","coordinates":[-61.1177417,-33.5374445]}},{"type":"Feature","properties":{"tipo":"boca_inspeccion","radio_cad":0.6,"handle":"73B2","layer":"Cloacas"},"geometry":{"type":"Point","coordinates":[-61.1157915,-33.5381237]}},{"type":"Feature","properties":{"tipo":"boca_inspeccion","radio_cad":0.6,"handle":"73B3","layer":"Cloacas"},"geometry":{"type":"Point","coordinates":[-61.1158809,-33.5379781]}},{"type":"Feature","properties":{"tipo":"boca_inspeccion","radio_cad":0.6,"handle":"73B4","layer":"Cloacas"},"geometry":{"type":"Point","coordinates":[-61.115726,-33.538234]}},{"type":"Feature","properties":{"tipo":"boca_inspeccion","radio_cad":0.6,"handle":"73D5","layer":"Cloacas"},"geometry":{"type":"Point","coordinates":[-61.1169799,-33.5386147]}},{"type":"Feature","properties":{"tipo":"boca_inspeccion","radio_cad":0.6,"handle":"73D6","layer":"Cloacas"},"geometry":{"type":"Point","coordinates":[-61.1182381,-33.5391362]}},{"type":"Feature","properties":{"tipo":"boca_inspeccion","radio_cad":0.6,"handle":"73D7","layer":"Cloacas"},"geometry":{"type":"Point","coordinates":[-61.1194928,-33.5396626]}},{"type":"Feature","properties":{"tipo":"boca_inspeccion","radio_cad":0.6,"handle":"73D8","layer":"Cloacas"},"geometry":{"type":"Point","coordinates":[-61.1206637,-33.5401514]}},{"type":"Feature","properties":{"tipo":"boca_inspeccion","radio_cad":0.6,"handle":"73D9","layer":"Cloacas"},"geometry":{"type":"Point","coordinates":[-61.1208041,-33.5399744]}},{"type":"Feature","properties":{"tipo":"boca_inspeccion","radio_cad":0.6,"handle":"73DA","layer":"Cloacas"},"geometry":{"type":"Point","coordinates":[-61.1207421,-33.5399755]}},{"type":"Feature","properties":{"tipo":"boca_inspeccion","radio_cad":0.6,"handle":"73DB","layer":"Cloacas"},"geometry":{"type":"Point","coordinates":[-61.1196494,-33.5395188]}},{"type":"Feature","properties":{"tipo":"boca_inspeccion","radio_cad":0.6,"handle":"73DC","layer":"Cloacas"},"geometry":{"type":"Point","coordinates":[-61.1195454,-33.5394761]}},{"type":"Feature","properties":{"tipo":"boca_inspeccion","radio_cad":0.6,"handle":"73DD","layer":"Cloacas"},"geometry":{"type":"Point","coordinates":[-61.1184014,-33.5390018]}},{"type":"Feature","properties":{"tipo":"boca_inspeccion","radio_cad":0.6,"handle":"73DE","layer":"Cloacas"},"geometry":{"type":"Point","coordinates":[-61.1182716,-33.5389439]}},{"type":"Feature","properties":{"tipo":"boca_inspeccion","radio_cad":0.6,"handle":"73DF","layer":"Cloacas"},"geometry":{"type":"Point","coordinates":[-61.1171352,-33.5384654]}},{"type":"Feature","properties":{"tipo":"boca_inspeccion","radio_cad":0.6,"handle":"73E0","layer":"Cloacas"},"geometry":{"type":"Point","coordinates":[-61.1170027,-33.5384447]}},{"type":"Feature","properties":{"tipo":"conexion_domiciliaria","radio_cad":0.3,"handle":"74F2","layer":"Cloacas"},"geometry":{"type":"Point","coordinates":[-61.1164297,-33.5369063]}},{"type":"Feature","properties":{"tipo":"boca_inspeccion","radio_cad":0.6,"handle":"76C8","layer":"Cloacas"},"geometry":{"type":"Point","coordinates":[-61.1232017,-33.5359379]}},{"type":"Feature","properties":{"tipo":"colector","handle":"5437","layer":"Cloacas"},"geometry":{"type":"LineString","coordinates":[[-61.1272789,-33.5363265],[-61.127279,-33.5363199]]}},{"type":"Feature","properties":{"tipo":"colector","handle":"5756","layer":"Cloacas"},"geometry":{"type":"LineString","coordinates":[[-61.1274017,-33.5363779],[-61.1274018,-33.5363712]]}},{"type":"Feature","properties":{"tipo":"colector","handle":"5757","layer":"Cloacas"},"geometry":{"type":"LineString","coordinates":[[-61.1274909,-33.5364152],[-61.127491,-33.5364085]]}},{"type":"Feature","properties":{"tipo":"colector","handle":"66FC","layer":"Cloacas"},"geometry":{"type":"Polygon","coordinates":[[[-61.1224273,-33.5394158],[-61.1224254,-33.539415],[-61.1224244,-33.5394166],[-61.1224264,-33.5394174],[-61.1224273,-33.5394158]]]}},{"type":"Feature","properties":{"tipo":"colector","handle":"6B0C","layer":"Cloacas"},"geometry":{"type":"Polygon","coordinates":[[[-61.125516,-33.5374304],[-61.1255141,-33.5374296],[-61.1255132,-33.5374312],[-61.1255151,-33.537432],[-61.125516,-33.5374304]]]}},{"type":"Feature","properties":{"tipo":"colector","handle":"6B0D","layer":"Cloacas"},"geometry":{"type":"Polygon","coordinates":[[[-61.125514,-33.5374292],[-61.1255164,-33.5374302],[-61.1255152,-33.5374322],[-61.1255128,-33.5374312],[-61.125514,-33.5374292]]]}},{"type":"Feature","properties":{"tipo":"colector","handle":"6B13","layer":"Cloacas"},"geometry":{"type":"Polygon","coordinates":[[[-61.1273158,-33.53622],[-61.1273177,-33.5362208],[-61.1273186,-33.5362192],[-61.1273167,-33.5362184],[-61.1273158,-33.53622]]]}},{"type":"Feature","properties":{"tipo":"colector","handle":"6B14","layer":"Cloacas"},"geometry":{"type":"Polygon","coordinates":[[[-61.1273178,-33.5362212],[-61.1273154,-33.5362202],[-61.1273166,-33.5362182],[-61.127319,-33.5362192],[-61.1273178,-33.5362212]]]}},{"type":"Feature","properties":{"tipo":"colector","handle":"6BAA","layer":"Cloacas"},"geometry":{"type":"Polygon","coordinates":[[[-61.1242761,-33.5370567],[-61.1242742,-33.5370559],[-61.1242732,-33.5370575],[-61.1242751,-33.5370583],[-61.1242761,-33.5370567]]]}},{"type":"Feature","properties":{"tipo":"colector","handle":"6BAB","layer":"Cloacas"},"geometry":{"type":"Polygon","coordinates":[[[-61.1242741,-33.5370556],[-61.1242765,-33.5370566],[-61.1242753,-33.5370586],[-61.1242729,-33.5370576],[-61.1242741,-33.5370556]]]}},{"type":"Feature","properties":{"tipo":"colector","handle":"7347","layer":"Cloacas"},"geometry":{"type":"Polygon","coordinates":[[[-61.1190893,-33.5379329],[-61.1191031,-33.5379667],[-61.1189921,-33.5379784],[-61.1190893,-33.5379329]]]}},{"type":"Feature","properties":{"tipo":"colector","handle":"7378","layer":"Cloacas"},"geometry":{"type":"Polygon","coordinates":[[[-61.1201151,-33.5383934],[-61.1201419,-33.5383885],[-61.1201271,-33.5384507],[-61.1201151,-33.5383934]]]}},{"type":"Feature","properties":{"tipo":"etiqueta","texto":"2.3000","handle":"5D1F","layer":"Cloacas"},"geometry":{"type":"Point","coordinates":[-61.1233263,-33.5383988]}},{"type":"Feature","properties":{"tipo":"etiqueta","texto":"2.3000","handle":"6293","layer":"Cloacas"},"geometry":{"type":"Point","coordinates":[-61.1250745,-33.5354472]}},{"type":"Feature","properties":{"tipo":"etiqueta","texto":"10.3843","handle":"6CD8","layer":"Cloacas"},"geometry":{"type":"Point","coordinates":[-61.1253965,-33.5366997]}},{"type":"Feature","properties":{"tipo":"etiqueta","texto":"35.40","handle":"5546","layer":"Cloacas"},"geometry":{"type":"Point","coordinates":[-61.1263497,-33.5362773]}},{"type":"Feature","properties":{"tipo":"etiqueta","texto":"61.20","handle":"55A8","layer":"Cloacas"},"geometry":{"type":"Point","coordinates":[-61.1260871,-33.5364595]}},{"type":"Feature","properties":{"tipo":"etiqueta","texto":"5.60","handle":"56F7","layer":"Cloacas"},"geometry":{"type":"Point","coordinates":[-61.126043,-33.5364935]}},{"type":"Feature","properties":{"tipo":"etiqueta","texto":"2.60","handle":"56FB","layer":"Cloacas"},"geometry":{"type":"Point","coordinates":[-61.126193,-33.536563]}},{"type":"Feature","properties":{"tipo":"etiqueta","texto":"131.00","handle":"570B","layer":"Cloacas"},"geometry":{"type":"Point","coordinates":[-61.1260627,-33.5365112]}},{"type":"Feature","properties":{"tipo":"etiqueta","texto":"119.20","handle":"570F","layer":"Cloacas"},"geometry":{"type":"Point","coordinates":[-61.126178,-33.5365543]}},{"type":"Feature","properties":{"tipo":"etiqueta","texto":"39.00","handle":"5727","layer":"Cloacas"},"geometry":{"type":"Point","coordinates":[-61.1274535,-33.5367777]}},{"type":"Feature","properties":{"tipo":"etiqueta","texto":"2.20","handle":"572C","layer":"Cloacas"},"geometry":{"type":"Point","coordinates":[-61.1272911,-33.5370354]}},{"type":"Feature","properties":{"tipo":"etiqueta","texto":"5.60","handle":"5734","layer":"Cloacas"},"geometry":{"type":"Point","coordinates":[-61.1274575,-33.5370999]}},{"type":"Feature","properties":{"tipo":"etiqueta","texto":"119.00","handle":"5736","layer":"Cloacas"},"geometry":{"type":"Point","coordinates":[-61.1274493,-33.5370535]}},{"type":"Feature","properties":{"tipo":"etiqueta","texto":"93.00","handle":"5751","layer":"Cloacas"},"geometry":{"type":"Point","coordinates":[-61.1273965,-33.5363774]}},{"type":"Feature","properties":{"tipo":"etiqueta","texto":"102.30","handle":"5752","layer":"Cloacas"},"geometry":{"type":"Point","coordinates":[-61.1274887,-33.5364119]}},{"type":"Feature","properties":{"tipo":"etiqueta","texto":"5.60","handle":"575B","layer":"Cloacas"},"geometry":{"type":"Point","coordinates":[-61.1269494,-33.536042]}},{"type":"Feature","properties":{"tipo":"etiqueta","texto":"118.35","handle":"575C","layer":"Cloacas"},"geometry":{"type":"Point","coordinates":[-61.1270901,-33.5362353]}},{"type":"Feature","properties":{"tipo":"etiqueta","texto":"3.25","handle":"5760","layer":"Cloacas"},"geometry":{"type":"Point","coordinates":[-61.1270551,-33.5362419]}},{"type":"Feature","properties":{"tipo":"etiqueta","texto":"MORENO","handle":"5769","layer":"Cloacas"},"geometry":{"type":"Point","coordinates":[-61.1238999,-33.5349827]}},{"type":"Feature","properties":{"tipo":"etiqueta","texto":"43.50","handle":"57A7","layer":"Cloacas"},"geometry":{"type":"Point","coordinates":[-61.1246901,-33.5352511]}},{"type":"Feature","properties":{"tipo":"etiqueta","texto":"54.10","handle":"57B5","layer":"Cloacas"},"geometry":{"type":"Point","coordinates":[-61.1245863,-33.5352098]}},{"type":"Feature","properties":{"tipo":"etiqueta","texto":"63.60","handle":"57B6","layer":"Cloacas"},"geometry":{"type":"Point","coordinates":[-61.1244942,-33.5351677]}},{"type":"Feature","properties":{"tipo":"etiqueta","texto":"75.40","handle":"57B7","layer":"Cloacas"},"geometry":{"type":"Point","coordinates":[-61.1243814,-33.5351206]}},{"type":"Feature","properties":{"tipo":"etiqueta","texto":"115.20","handle":"57C4","layer":"Cloacas"},"geometry":{"type":"Point","coordinates":[-61.124642,-33.5352239]}},{"type":"Feature","properties":{"tipo":"etiqueta","texto":"3.25","handle":"57EB","layer":"Cloacas"},"geometry":{"type":"Point","coordinates":[-61.1245409,-33.5352005]}},{"type":"Feature","properties":{"tipo":"etiqueta","texto":"13.00","handle":"5841","layer":"Cloacas"},"geometry":{"type":"Point","coordinates":[-61.1253489,-33.535519]}},{"type":"Feature","properties":{"tipo":"etiqueta","texto":"19.50","handle":"5842","layer":"Cloacas"},"geometry":{"type":"Point","coordinates":[-61.1254114,-33.5355453]}},{"type":"Feature","properties":{"tipo":"etiqueta","texto":"25.80","handle":"5843","layer":"Cloacas"},"geometry":{"type":"Point","coordinates":[-61.1254722,-33.5355701]}},{"type":"Feature","properties":{"tipo":"etiqueta","texto":"41.80","handle":"5844","layer":"Cloacas"},"geometry":{"type":"Point","coordinates":[-61.125626,-33.5356351]}},{"type":"Feature","properties":{"tipo":"etiqueta","texto":"54.40","handle":"5845","layer":"Cloacas"},"geometry":{"type":"Point","coordinates":[-61.1257459,-33.5356856]}},{"type":"Feature","properties":{"tipo":"etiqueta","texto":"69.90","handle":"5846","layer":"Cloacas"},"geometry":{"type":"Point","coordinates":[-61.1258949,-33.535747]}},{"type":"Feature","properties":{"tipo":"etiqueta","texto":"83.00","handle":"5847","layer":"Cloacas"},"geometry":{"type":"Point","coordinates":[-61.1260194,-33.5358002]}},{"type":"Feature","properties":{"tipo":"etiqueta","texto":"104.10","handle":"5848","layer":"Cloacas"},"geometry":{"type":"Point","coordinates":[-61.1262211,-33.5358842]}},{"type":"Feature","properties":{"tipo":"etiqueta","texto":"132.20","handle":"5852","layer":"Cloacas"},"geometry":{"type":"Point","coordinates":[-61.1260253,-33.5356872]}},{"type":"Feature","properties":{"tipo":"etiqueta","texto":"88.00","handle":"5853","layer":"Cloacas"},"geometry":{"type":"Point","coordinates":[-61.1260912,-33.5357092]}},{"type":"Feature","properties":{"tipo":"etiqueta","texto":"22.40","handle":"5854","layer":"Cloacas"},"geometry":{"type":"Point","coordinates":[-61.1254569,-33.5354461]}},{"type":"Feature","properties":{"tipo":"etiqueta","texto":"24.8","handle":"595C","layer":"Cloacas"},"geometry":{"type":"Point","coordinates":[-61.1251166,-33.5356618]}},{"type":"Feature","properties":{"tipo":"etiqueta","texto":"38.00","handle":"595D","layer":"Cloacas"},"geometry":{"type":"Point","coordinates":[-61.1250541,-33.535769]}},{"type":"Feature","properties":{"tipo":"etiqueta","texto":"49.40","handle":"595E","layer":"Cloacas"},"geometry":{"type":"Point","coordinates":[-61.1250003,-33.5358592]}},{"type":"Feature","properties":{"tipo":"etiqueta","texto":"69.40","handle":"595F","layer":"Cloacas"},"geometry":{"type":"Point","coordinates":[-61.1249034,-33.5360208]}},{"type":"Feature","properties":{"tipo":"etiqueta","texto":"77.00","handle":"5960","layer":"Cloacas"},"geometry":{"type":"Point","coordinates":[-61.1248675,-33.5360809]}},{"type":"Feature","properties":{"tipo":"etiqueta","texto":"86.60","handle":"5961","layer":"Cloacas"},"geometry":{"type":"Point","coordinates":[-61.1248217,-33.5361578]}},{"type":"Feature","properties":{"tipo":"etiqueta","texto":"10.20","handle":"5986","layer":"Cloacas"},"geometry":{"type":"Point","coordinates":[-61.1250639,-33.5354883]}},{"type":"Feature","properties":{"tipo":"etiqueta","texto":"17.60","handle":"5987","layer":"Cloacas"},"geometry":{"type":"Point","coordinates":[-61.1250253,-33.5355481]}},{"type":"Feature","properties":{"tipo":"etiqueta","texto":"27.60","handle":"5988","layer":"Cloacas"},"geometry":{"type":"Point","coordinates":[-61.1249809,-33.5356276]}},{"type":"Feature","properties":{"tipo":"etiqueta","texto":"36.00","handle":"5989","layer":"Cloacas"},"geometry":{"type":"Point","coordinates":[-61.1249411,-33.5356951]}},{"type":"Feature","properties":{"tipo":"etiqueta","texto":"50.00","handle":"598A","layer":"Cloacas"},"geometry":{"type":"Point","coordinates":[-61.1248743,-33.5358072]}},{"type":"Feature","properties":{"tipo":"etiqueta","texto":"69.60","handle":"598B","layer":"Cloacas"},"geometry":{"type":"Point","coordinates":[-61.124781,-33.5359643]}},{"type":"Feature","properties":{"tipo":"etiqueta","texto":"87.00","handle":"598C","layer":"Cloacas"},"geometry":{"type":"Point","coordinates":[-61.1246976,-33.5361043]}},{"type":"Feature","properties":{"tipo":"etiqueta","texto":"33.00","handle":"5A25","layer":"Cloacas"},"geometry":{"type":"Point","coordinates":[-61.1243602,-33.5362937]}},{"type":"Feature","properties":{"tipo":"etiqueta","texto":"53.00","handle":"5A26","layer":"Cloacas"},"geometry":{"type":"Point","coordinates":[-61.1241664,-33.5362119]}},{"type":"Feature","properties":{"tipo":"etiqueta","texto":"67.00","handle":"5A27","layer":"Cloacas"},"geometry":{"type":"Point","coordinates":[-61.124032,-33.5361548]}},{"type":"Feature","properties":{"tipo":"etiqueta","texto":"84.80","handle":"5A28","layer":"Cloacas"},"geometry":{"type":"Point","coordinates":[-61.1238603,-33.5360825]}},{"type":"Feature","properties":{"tipo":"etiqueta","texto":"98.80","handle":"5A29","layer":"Cloacas"},"geometry":{"type":"Point","coordinates":[-61.1237299,-33.5360255]}},{"type":"Feature","properties":{"tipo":"etiqueta","texto":"104.10","handle":"5A2A","layer":"Cloacas"},"geometry":{"type":"Point","coordinates":[-61.1236762,-33.5360038]}},{"type":"Feature","properties":{"tipo":"etiqueta","texto":"116.20","handle":"5A2B","layer":"Cloacas"},"geometry":{"type":"Point","coordinates":[-61.1235552,-33.5359561]}},{"type":"Feature","properties":{"tipo":"etiqueta","texto":"20.60","handle":"5A99","layer":"Cloacas"},"geometry":{"type":"Point","coordinates":[-61.1242948,-33.5363935]}},{"type":"Feature","properties":{"tipo":"etiqueta","texto":"32.60","handle":"5A9A","layer":"Cloacas"},"geometry":{"type":"Point","coordinates":[-61.1241767,-33.5363455]}},{"type":"Feature","properties":{"tipo":"etiqueta","texto":"37.40","handle":"5A9B","layer":"Cloacas"},"geometry":{"type":"Point","coordinates":[-61.1241267,-33.5363246]}},{"type":"Feature","properties":{"tipo":"etiqueta","texto":"55.20","handle":"5A9C","layer":"Cloacas"},"geometry":{"type":"Point","coordinates":[-61.1239551,-33.5362535]}},{"type":"Feature","properties":{"tipo":"etiqueta","texto":"59.20","handle":"5A9D","layer":"Cloacas"},"geometry":{"type":"Point","coordinates":[-61.1239182,-33.5362367]}},{"type":"Feature","properties":{"tipo":"etiqueta","texto":"75.40","handle":"5A9E","layer":"Cloacas"},"geometry":{"type":"Point","coordinates":[-61.1237672,-33.5361741]}},{"type":"Feature","properties":{"tipo":"etiqueta","texto":"88.60","handle":"5A9F","layer":"Cloacas"},"geometry":{"type":"Point","coordinates":[-61.1236376,-33.5361211]}},{"type":"Feature","properties":{"tipo":"etiqueta","texto":"93.00","handle":"5AA0","layer":"Cloacas"},"geometry":{"type":"Point","coordinates":[-61.1235943,-33.5361035]}},{"type":"Feature","properties":{"tipo":"etiqueta","texto":"14.20","handle":"5AA9","layer":"Cloacas"},"geometry":{"type":"Point","coordinates":[-61.1244139,-33.5365775]}},{"type":"Feature","properties":{"tipo":"etiqueta","texto":"30.20","handle":"5AAA","layer":"Cloacas"},"geometry":{"type":"Point","coordinates":[-61.1243372,-33.5367052]}},{"type":"Feature","properties":{"tipo":"etiqueta","texto":"45.40","handle":"5AAB","layer":"Cloacas"},"geometry":{"type":"Point","coordinates":[-61.1242645,-33.5368272]}},{"type":"Feature","properties":{"tipo":"etiqueta","texto":"48.80","handle":"5AAC","layer":"Cloacas"},"geometry":{"type":"Point","coordinates":[-61.1242482,-33.5368542]}},{"type":"Feature","properties":{"tipo":"etiqueta","texto":"57.80","handle":"5AAD","layer":"Cloacas"},"geometry":{"type":"Point","coordinates":[-61.124205,-33.5369258]}},{"type":"Feature","properties":{"tipo":"etiqueta","texto":"34.40","handle":"5ABB","layer":"Cloacas"},"geometry":{"type":"Point","coordinates":[-61.1236019,-33.5372568]}},{"type":"Feature","properties":{"tipo":"etiqueta","texto":"39.40","handle":"5ABC","layer":"Cloacas"},"geometry":{"type":"Point","coordinates":[-61.1235541,-33.5372367]}},{"type":"Feature","properties":{"tipo":"etiqueta","texto":"82.20","handle":"5ABD","layer":"Cloacas"},"geometry":{"type":"Point","coordinates":[-61.1231485,-33.5370596]}},{"type":"Feature","properties":{"tipo":"etiqueta","texto":"89.80","handle":"5ABE","layer":"Cloacas"},"geometry":{"type":"Point","coordinates":[-61.1230749,-33.5370292]}},{"type":"Feature","properties":{"tipo":"etiqueta","texto":"99.80","handle":"5ABF","layer":"Cloacas"},"geometry":{"type":"Point","coordinates":[-61.1229781,-33.5369897]}},{"type":"Feature","properties":{"tipo":"etiqueta","texto":"42.40","handle":"5B05","layer":"Cloacas"},"geometry":{"type":"Point","coordinates":[-61.1244571,-33.5367595]}},{"type":"Feature","properties":{"tipo":"etiqueta","texto":"46.20","handle":"5B06","layer":"Cloacas"},"geometry":{"type":"Point","coordinates":[-61.1244389,-33.5367901]}},{"type":"Feature","properties":{"tipo":"etiqueta","texto":"75.00","handle":"5B07","layer":"Cloacas"},"geometry":{"type":"Point","coordinates":[-61.1243018,-33.5370208]}},{"type":"Feature","properties":{"tipo":"etiqueta","texto":"29.00","handle":"5B44","layer":"Cloacas"},"geometry":{"type":"Point","coordinates":[-61.1237944,-33.5376208]}},{"type":"Feature","properties":{"tipo":"etiqueta","texto":"36.00","handle":"5B45","layer":"Cloacas"},"geometry":{"type":"Point","coordinates":[-61.1237618,-33.5376777]}},{"type":"Feature","properties":{"tipo":"etiqueta","texto":"44.00","handle":"5B46","layer":"Cloacas"},"geometry":{"type":"Point","coordinates":[-61.1237241,-33.5377426]}},{"type":"Feature","properties":{"tipo":"etiqueta","texto":"65.00","handle":"5B4E","layer":"Cloacas"},"geometry":{"type":"Point","coordinates":[-61.1236247,-33.5379088]}},{"type":"Feature","properties":{"tipo":"etiqueta","texto":"81.40","handle":"5B4F","layer":"Cloacas"},"geometry":{"type":"Point","coordinates":[-61.1235485,-33.538034]}},{"type":"Feature","properties":{"tipo":"etiqueta","texto":"87.00","handle":"5B50","layer":"Cloacas"},"geometry":{"type":"Point","coordinates":[-61.1235221,-33.5380837]}},{"type":"Feature","properties":{"tipo":"etiqueta","texto":"102.40","handle":"5B51","layer":"Cloacas"},"geometry":{"type":"Point","coordinates":[-61.1234504,-33.5382093]}},{"type":"Feature","properties":{"tipo":"etiqueta","texto":"19.40","handle":"64CC","layer":"Cloacas"},"geometry":{"type":"Point","coordinates":[-61.1232766,-33.5361613]}},{"type":"Feature","properties":{"tipo":"etiqueta","texto":"28.60","handle":"64CD","layer":"Cloacas"},"geometry":{"type":"Point","coordinates":[-61.1232336,-33.5362349]}},{"type":"Feature","properties":{"tipo":"etiqueta","texto":"39.60","handle":"64CE","layer":"Cloacas"},"geometry":{"type":"Point","coordinates":[-61.1231811,-33.5363228]}},{"type":"Feature","properties":{"tipo":"etiqueta","texto":"66.20","handle":"64CF","layer":"Cloacas"},"geometry":{"type":"Point","coordinates":[-61.1230538,-33.5365361]}},{"type":"Feature","properties":{"tipo":"etiqueta","texto":"72.60","handle":"64D0","layer":"Cloacas"},"geometry":{"type":"Point","coordinates":[-61.1230233,-33.5365875]}},{"type":"Feature","properties":{"tipo":"etiqueta","texto":"79.40","handle":"64D1","layer":"Cloacas"},"geometry":{"type":"Point","coordinates":[-61.1229908,-33.5366421]}},{"type":"Feature","properties":{"tipo":"etiqueta","texto":"93.60","handle":"64D2","layer":"Cloacas"},"geometry":{"type":"Point","coordinates":[-61.1229232,-33.5367555]}},{"type":"Feature","properties":{"tipo":"etiqueta","texto":"25.00","handle":"6520","layer":"Cloacas"},"geometry":{"type":"Point","coordinates":[-61.123643,-33.5373879]}},{"type":"Feature","properties":{"tipo":"etiqueta","texto":"29.60","handle":"6521","layer":"Cloacas"},"geometry":{"type":"Point","coordinates":[-61.1236018,-33.5373719]}},{"type":"Feature","properties":{"tipo":"etiqueta","texto":"42.00","handle":"6522","layer":"Cloacas"},"geometry":{"type":"Point","coordinates":[-61.1234814,-33.537323]}},{"type":"Feature","properties":{"tipo":"etiqueta","texto":"50.60","handle":"6523","layer":"Cloacas"},"geometry":{"type":"Point","coordinates":[-61.1234,-33.5372894]}},{"type":"Feature","properties":{"tipo":"etiqueta","texto":"58.80","handle":"6524","layer":"Cloacas"},"geometry":{"type":"Point","coordinates":[-61.1233192,-33.5372585]}},{"type":"Feature","properties":{"tipo":"etiqueta","texto":"76.60","handle":"6525","layer":"Cloacas"},"geometry":{"type":"Point","coordinates":[-61.1231503,-33.5371898]}},{"type":"Feature","properties":{"tipo":"etiqueta","texto":"83.80","handle":"6526","layer":"Cloacas"},"geometry":{"type":"Point","coordinates":[-61.1230807,-33.5371604]}},{"type":"Feature","properties":{"tipo":"etiqueta","texto":"89.20","handle":"6527","layer":"Cloacas"},"geometry":{"type":"Point","coordinates":[-61.1230238,-33.5371379]}},{"type":"Feature","properties":{"tipo":"etiqueta","texto":"90.60","handle":"6528","layer":"Cloacas"},"geometry":{"type":"Point","coordinates":[-61.1230086,-33.5371299]}},{"type":"Feature","properties":{"tipo":"etiqueta","texto":"107.40","handle":"6529","layer":"Cloacas"},"geometry":{"type":"Point","coordinates":[-61.1228509,-33.5370673]}},{"type":"Feature","properties":{"tipo":"etiqueta","texto":"29.80","handle":"6570","layer":"Cloacas"},"geometry":{"type":"Point","coordinates":[-61.1226278,-33.5372685]}},{"type":"Feature","properties":{"tipo":"etiqueta","texto":"33.40","handle":"6571","layer":"Cloacas"},"geometry":{"type":"Point","coordinates":[-61.1226096,-33.5372965]}},{"type":"Feature","properties":{"tipo":"etiqueta","texto":"103.20","handle":"6578","layer":"Cloacas"},"geometry":{"type":"Point","coordinates":[-61.1219677,-33.5372995]}},{"type":"Feature","properties":{"tipo":"etiqueta","texto":"47.80","handle":"6579","layer":"Cloacas"},"geometry":{"type":"Point","coordinates":[-61.1225448,-33.5374142]}},{"type":"Feature","properties":{"tipo":"etiqueta","texto":"51.60","handle":"657A","layer":"Cloacas"},"geometry":{"type":"Point","coordinates":[-61.1225264,-33.5374432]}},{"type":"Feature","properties":{"tipo":"etiqueta","texto":"61.30","handle":"657B","layer":"Cloacas"},"geometry":{"type":"Point","coordinates":[-61.122479,-33.5375215]}},{"type":"Feature","properties":{"tipo":"etiqueta","texto":"75.40","handle":"657C","layer":"Cloacas"},"geometry":{"type":"Point","coordinates":[-61.122412,-33.5376341]}},{"type":"Feature","properties":{"tipo":"etiqueta","texto":"90.40","handle":"657D","layer":"Cloacas"},"geometry":{"type":"Point","coordinates":[-61.1223426,-33.5377551]}},{"type":"Feature","properties":{"tipo":"etiqueta","texto":"99.20","handle":"657E","layer":"Cloacas"},"geometry":{"type":"Point","coordinates":[-61.1223021,-33.5378262]}},{"type":"Feature","properties":{"tipo":"etiqueta","texto":"103.20","handle":"657F","layer":"Cloacas"},"geometry":{"type":"Point","coordinates":[-61.1222842,-33.537857]}},{"type":"Feature","properties":{"tipo":"etiqueta","texto":"23.40","handle":"6590","layer":"Cloacas"},"geometry":{"type":"Point","coordinates":[-61.1219918,-33.5382743]}},{"type":"Feature","properties":{"tipo":"etiqueta","texto":"56.80","handle":"6591","layer":"Cloacas"},"geometry":{"type":"Point","coordinates":[-61.1218372,-33.5385424]}},{"type":"Feature","properties":{"tipo":"etiqueta","texto":"63.20","handle":"6592","layer":"Cloacas"},"geometry":{"type":"Point","coordinates":[-61.1218006,-33.5385932]}},{"type":"Feature","properties":{"tipo":"etiqueta","texto":"71.00","handle":"6593","layer":"Cloacas"},"geometry":{"type":"Point","coordinates":[-61.1217623,-33.5386562]}},{"type":"Feature","properties":{"tipo":"etiqueta","texto":"86.80","handle":"6595","layer":"Cloacas"},"geometry":{"type":"Point","coordinates":[-61.1216891,-33.5387825]}},{"type":"Feature","properties":{"tipo":"etiqueta","texto":"90.70","handle":"6596","layer":"Cloacas"},"geometry":{"type":"Point","coordinates":[-61.1216682,-33.5388138]}},{"type":"Feature","properties":{"tipo":"etiqueta","texto":"99.40","handle":"6597","layer":"Cloacas"},"geometry":{"type":"Point","coordinates":[-61.1216293,-33.5388835]}},{"type":"Feature","properties":{"tipo":"etiqueta","texto":"104.80","handle":"6598","layer":"Cloacas"},"geometry":{"type":"Point","coordinates":[-61.1216019,-33.5389263]}},{"type":"Feature","properties":{"tipo":"etiqueta","texto":"31.60","handle":"6635","layer":"Cloacas"},"geometry":{"type":"Point","coordinates":[-61.1210775,-33.5397983]}},{"type":"Feature","properties":{"tipo":"etiqueta","texto":"38.90","handle":"6636","layer":"Cloacas"},"geometry":{"type":"Point","coordinates":[-61.1211134,-33.5397406]}},{"type":"Feature","properties":{"tipo":"etiqueta","texto":"48.10","handle":"6637","layer":"Cloacas"},"geometry":{"type":"Point","coordinates":[-61.1211563,-33.539668]}},{"type":"Feature","properties":{"tipo":"etiqueta","texto":"65.80","handle":"6638","layer":"Cloacas"},"geometry":{"type":"Point","coordinates":[-61.1212432,-33.5395253]}},{"type":"Feature","properties":{"tipo":"etiqueta","texto":"72.80","handle":"6639","layer":"Cloacas"},"geometry":{"type":"Point","coordinates":[-61.1212737,-33.5394662]}},{"type":"Feature","properties":{"tipo":"etiqueta","texto":"74.60","handle":"663A","layer":"Cloacas"},"geometry":{"type":"Point","coordinates":[-61.1212831,-33.5394532]}},{"type":"Feature","properties":{"tipo":"etiqueta","texto":"89.10","handle":"6648","layer":"Cloacas"},"geometry":{"type":"Point","coordinates":[-61.1213518,-33.5393372]}},{"type":"Feature","properties":{"tipo":"etiqueta","texto":"96.50","handle":"6649","layer":"Cloacas"},"geometry":{"type":"Point","coordinates":[-61.1213827,-33.5392867]}},{"type":"Feature","properties":{"tipo":"etiqueta","texto":"24.00","handle":"668C","layer":"Cloacas"},"geometry":{"type":"Point","coordinates":[-61.1211606,-33.5401397]}},{"type":"Feature","properties":{"tipo":"etiqueta","texto":"37.00","handle":"668D","layer":"Cloacas"},"geometry":{"type":"Point","coordinates":[-61.1212847,-33.5401908]}},{"type":"Feature","properties":{"tipo":"etiqueta","texto":"44.80","handle":"668E","layer":"Cloacas"},"geometry":{"type":"Point","coordinates":[-61.1213594,-33.5402222]}},{"type":"Feature","properties":{"tipo":"etiqueta","texto":"54.00","handle":"668F","layer":"Cloacas"},"geometry":{"type":"Point","coordinates":[-61.1214483,-33.5402579]}},{"type":"Feature","properties":{"tipo":"etiqueta","texto":"62.10","handle":"6690","layer":"Cloacas"},"geometry":{"type":"Point","coordinates":[-61.121526,-33.5402901]}},{"type":"Feature","properties":{"tipo":"etiqueta","texto":"70.80","handle":"6691","layer":"Cloacas"},"geometry":{"type":"Point","coordinates":[-61.1216093,-33.5403255]}},{"type":"Feature","properties":{"tipo":"etiqueta","texto":"83.40","handle":"6692","layer":"Cloacas"},"geometry":{"type":"Point","coordinates":[-61.1217303,-33.5403764]}},{"type":"Feature","properties":{"tipo":"etiqueta","texto":"86.10","handle":"6693","layer":"Cloacas"},"geometry":{"type":"Point","coordinates":[-61.1217563,-33.5403876]}},{"type":"Feature","properties":{"tipo":"etiqueta","texto":"100.40","handle":"6694","layer":"Cloacas"},"geometry":{"type":"Point","coordinates":[-61.1218943,-33.5404462]}},{"type":"Feature","properties":{"tipo":"etiqueta","texto":"14.40","handle":"66AF","layer":"Cloacas"},"geometry":{"type":"Point","coordinates":[-61.1224833,-33.5395548]}},{"type":"Feature","properties":{"tipo":"etiqueta","texto":"17.80","handle":"66B0","layer":"Cloacas"},"geometry":{"type":"Point","coordinates":[-61.1224497,-33.5395415]}},{"type":"Feature","properties":{"tipo":"etiqueta","texto":"25.10","handle":"66B1","layer":"Cloacas"},"geometry":{"type":"Point","coordinates":[-61.1223831,-33.5395132]}},{"type":"Feature","properties":{"tipo":"etiqueta","texto":"32.90","handle":"66B2","layer":"Cloacas"},"geometry":{"type":"Point","coordinates":[-61.12231,-33.5394826]}},{"type":"Feature","properties":{"tipo":"etiqueta","texto":"41.60","handle":"66B3","layer":"Cloacas"},"geometry":{"type":"Point","coordinates":[-61.1222214,-33.5394478]}},{"type":"Feature","properties":{"tipo":"etiqueta","texto":"62.00","handle":"66B4","layer":"Cloacas"},"geometry":{"type":"Point","coordinates":[-61.122027,-33.5393644]}},{"type":"Feature","properties":{"tipo":"etiqueta","texto":"70.80","handle":"66B5","layer":"Cloacas"},"geometry":{"type":"Point","coordinates":[-61.1219432,-33.5393292]}},{"type":"Feature","properties":{"tipo":"etiqueta","texto":"87.50","handle":"66B6","layer":"Cloacas"},"geometry":{"type":"Point","coordinates":[-61.1217857,-33.5392637]}},{"type":"Feature","properties":{"tipo":"etiqueta","texto":"91.20","handle":"66B7","layer":"Cloacas"},"geometry":{"type":"Point","coordinates":[-61.121746,-33.5392475]}},{"type":"Feature","properties":{"tipo":"etiqueta","texto":"98.70","handle":"66B8","layer":"Cloacas"},"geometry":{"type":"Point","coordinates":[-61.1216762,-33.5392174]}},{"type":"Feature","properties":{"tipo":"etiqueta","texto":"108.40","handle":"66B9","layer":"Cloacas"},"geometry":{"type":"Point","coordinates":[-61.1215832,-33.5391786]}},{"type":"Feature","properties":{"tipo":"etiqueta","texto":"14.00","handle":"66FD","layer":"Cloacas"},"geometry":{"type":"Point","coordinates":[-61.121668,-33.53909]}},{"type":"Feature","properties":{"tipo":"etiqueta","texto":"18.70","handle":"66FE","layer":"Cloacas"},"geometry":{"type":"Point","coordinates":[-61.1217125,-33.5391088]}},{"type":"Feature","properties":{"tipo":"etiqueta","texto":"24.00","handle":"66FF","layer":"Cloacas"},"geometry":{"type":"Point","coordinates":[-61.121763,-33.5391302]}},{"type":"Feature","properties":{"tipo":"etiqueta","texto":"39.10","handle":"6700","layer":"Cloacas"},"geometry":{"type":"Point","coordinates":[-61.1219074,-33.539192]}},{"type":"Feature","properties":{"tipo":"etiqueta","texto":"44.20","handle":"6701","layer":"Cloacas"},"geometry":{"type":"Point","coordinates":[-61.1219563,-33.5392128]}},{"type":"Feature","properties":{"tipo":"etiqueta","texto":"55.60","handle":"6702","layer":"Cloacas"},"geometry":{"type":"Point","coordinates":[-61.1220655,-33.5392593]}},{"type":"Feature","properties":{"tipo":"etiqueta","texto":"63.140","handle":"6703","layer":"Cloacas"},"geometry":{"type":"Point","coordinates":[-61.1221391,-33.539288]}},{"type":"Feature","properties":{"tipo":"etiqueta","texto":"81.40","handle":"6704","layer":"Cloacas"},"geometry":{"type":"Point","coordinates":[-61.1223106,-33.5393613]}},{"type":"Feature","properties":{"tipo":"etiqueta","texto":"82.80","handle":"6705","layer":"Cloacas"},"geometry":{"type":"Point","coordinates":[-61.1223246,-33.5393661]}},{"type":"Feature","properties":{"tipo":"etiqueta","texto":"91.20","handle":"6706","layer":"Cloacas"},"geometry":{"type":"Point","coordinates":[-61.1224048,-33.5394021]}},{"type":"Feature","properties":{"tipo":"etiqueta","texto":"92.60","handle":"6707","layer":"Cloacas"},"geometry":{"type":"Point","coordinates":[-61.122419,-33.5394076]}},{"type":"Feature","properties":{"tipo":"etiqueta","texto":"17.20","handle":"6782","layer":"Cloacas"},"geometry":{"type":"Point","coordinates":[-61.122258,-33.5381592]}},{"type":"Feature","properties":{"tipo":"etiqueta","texto":"28.64","handle":"6783","layer":"Cloacas"},"geometry":{"type":"Point","coordinates":[-61.1223678,-33.5382044]}},{"type":"Feature","properties":{"tipo":"etiqueta","texto":"36.40","handle":"6784","layer":"Cloacas"},"geometry":{"type":"Point","coordinates":[-61.1224405,-33.5382356]}},{"type":"Feature","properties":{"tipo":"etiqueta","texto":"44.20","handle":"6785","layer":"Cloacas"},"geometry":{"type":"Point","coordinates":[-61.1225176,-33.5382672]}},{"type":"Feature","properties":{"tipo":"etiqueta","texto":"53.73","handle":"6786","layer":"Cloacas"},"geometry":{"type":"Point","coordinates":[-61.1226078,-33.5383051]}},{"type":"Feature","properties":{"tipo":"etiqueta","texto":"59.00","handle":"6787","layer":"Cloacas"},"geometry":{"type":"Point","coordinates":[-61.1226594,-33.5383262]}},{"type":"Feature","properties":{"tipo":"etiqueta","texto":"84.40","handle":"6788","layer":"Cloacas"},"geometry":{"type":"Point","coordinates":[-61.1229036,-33.538427]}},{"type":"Feature","properties":{"tipo":"etiqueta","texto":"10.40","handle":"67AD","layer":"Cloacas"},"geometry":{"type":"Point","coordinates":[-61.1222897,-33.5380464]}},{"type":"Feature","properties":{"tipo":"etiqueta","texto":"15.40","handle":"67AE","layer":"Cloacas"},"geometry":{"type":"Point","coordinates":[-61.1223374,-33.5380653]}},{"type":"Feature","properties":{"tipo":"etiqueta","texto":"29.20","handle":"67AF","layer":"Cloacas"},"geometry":{"type":"Point","coordinates":[-61.1224706,-33.5381198]}},{"type":"Feature","properties":{"tipo":"etiqueta","texto":"49.60","handle":"67B0","layer":"Cloacas"},"geometry":{"type":"Point","coordinates":[-61.1226673,-33.5381999]}},{"type":"Feature","properties":{"tipo":"etiqueta","texto":"53.60","handle":"67B1","layer":"Cloacas"},"geometry":{"type":"Point","coordinates":[-61.1227055,-33.5382157]}},{"type":"Feature","properties":{"tipo":"etiqueta","texto":"65.10","handle":"67B2","layer":"Cloacas"},"geometry":{"type":"Point","coordinates":[-61.1228168,-33.5382606]}},{"type":"Feature","properties":{"tipo":"etiqueta","texto":"80.20","handle":"67B3","layer":"Cloacas"},"geometry":{"type":"Point","coordinates":[-61.1229618,-33.5383201]}},{"type":"Feature","properties":{"tipo":"etiqueta","texto":"94.30","handle":"67B6","layer":"Cloacas"},"geometry":{"type":"Point","coordinates":[-61.1230965,-33.5383732]}},{"type":"Feature","properties":{"tipo":"etiqueta","texto":"88.40","handle":"67B7","layer":"Cloacas"},"geometry":{"type":"Point","coordinates":[-61.1230411,-33.5383527]}},{"type":"Feature","properties":{"tipo":"etiqueta","texto":"33.40","handle":"6805","layer":"Cloacas"},"geometry":{"type":"Point","coordinates":[-61.1230783,-33.5388244]}},{"type":"Feature","properties":{"tipo":"etiqueta","texto":"45.00","handle":"6806","layer":"Cloacas"},"geometry":{"type":"Point","coordinates":[-61.1230234,-33.5389175]}},{"type":"Feature","properties":{"tipo":"etiqueta","texto":"48.00","handle":"6807","layer":"Cloacas"},"geometry":{"type":"Point","coordinates":[-61.1230093,-33.5389404]}},{"type":"Feature","properties":{"tipo":"etiqueta","texto":"62.00","handle":"6808","layer":"Cloacas"},"geometry":{"type":"Point","coordinates":[-61.1229427,-33.5390535]}},{"type":"Feature","properties":{"tipo":"etiqueta","texto":"69.20","handle":"6809","layer":"Cloacas"},"geometry":{"type":"Point","coordinates":[-61.122909,-33.539111]}},{"type":"Feature","properties":{"tipo":"etiqueta","texto":"75.00","handle":"680A","layer":"Cloacas"},"geometry":{"type":"Point","coordinates":[-61.1228811,-33.5391574]}},{"type":"Feature","properties":{"tipo":"etiqueta","texto":"87.40","handle":"680B","layer":"Cloacas"},"geometry":{"type":"Point","coordinates":[-61.1228221,-33.5392586]}},{"type":"Feature","properties":{"tipo":"etiqueta","texto":"96.60","handle":"680C","layer":"Cloacas"},"geometry":{"type":"Point","coordinates":[-61.1227837,-33.5393234]}},{"type":"Feature","properties":{"tipo":"etiqueta","texto":"100.00","handle":"680D","layer":"Cloacas"},"geometry":{"type":"Point","coordinates":[-61.1227637,-33.5393577]}},{"type":"Feature","properties":{"tipo":"etiqueta","texto":"7.40","handle":"6830","layer":"Cloacas"},"geometry":{"type":"Point","coordinates":[-61.1225805,-33.539663]}},{"type":"Feature","properties":{"tipo":"etiqueta","texto":"12.40","handle":"6832","layer":"Cloacas"},"geometry":{"type":"Point","coordinates":[-61.1225566,-33.5397012]}},{"type":"Feature","properties":{"tipo":"etiqueta","texto":"20.20","handle":"6833","layer":"Cloacas"},"geometry":{"type":"Point","coordinates":[-61.1225204,-33.5397621]}},{"type":"Feature","properties":{"tipo":"etiqueta","texto":"32.00","handle":"6834","layer":"Cloacas"},"geometry":{"type":"Point","coordinates":[-61.1224656,-33.539856]}},{"type":"Feature","properties":{"tipo":"etiqueta","texto":"34.40","handle":"6835","layer":"Cloacas"},"geometry":{"type":"Point","coordinates":[-61.1224519,-33.5398774]}},{"type":"Feature","properties":{"tipo":"etiqueta","texto":"51.00","handle":"6836","layer":"Cloacas"},"geometry":{"type":"Point","coordinates":[-61.1223744,-33.5400073]}},{"type":"Feature","properties":{"tipo":"etiqueta","texto":"59.00","handle":"6837","layer":"Cloacas"},"geometry":{"type":"Point","coordinates":[-61.1223369,-33.5400717]}},{"type":"Feature","properties":{"tipo":"etiqueta","texto":"66.40","handle":"6838","layer":"Cloacas"},"geometry":{"type":"Point","coordinates":[-61.1223002,-33.5401296]}},{"type":"Feature","properties":{"tipo":"etiqueta","texto":"76.00","handle":"6839","layer":"Cloacas"},"geometry":{"type":"Point","coordinates":[-61.1222555,-33.5402053]}},{"type":"Feature","properties":{"tipo":"etiqueta","texto":"79.80","handle":"683A","layer":"Cloacas"},"geometry":{"type":"Point","coordinates":[-61.1222367,-33.5402387]}},{"type":"Feature","properties":{"tipo":"etiqueta","texto":"91.20","handle":"683B","layer":"Cloacas"},"geometry":{"type":"Point","coordinates":[-61.1221839,-33.5403287]}},{"type":"Feature","properties":{"tipo":"etiqueta","texto":"20.40","handle":"68DA","layer":"Cloacas"},"geometry":{"type":"Point","coordinates":[-61.1255827,-33.5369243]}},{"type":"Feature","properties":{"tipo":"etiqueta","texto":"32.40","handle":"68DB","layer":"Cloacas"},"geometry":{"type":"Point","coordinates":[-61.1254706,-33.5368794]}},{"type":"Feature","properties":{"tipo":"etiqueta","texto":"43.00","handle":"68DC","layer":"Cloacas"},"geometry":{"type":"Point","coordinates":[-61.1253664,-33.5368354]}},{"type":"Feature","properties":{"tipo":"etiqueta","texto":"59.00","handle":"68DD","layer":"Cloacas"},"geometry":{"type":"Point","coordinates":[-61.1252144,-33.5367727]}},{"type":"Feature","properties":{"tipo":"etiqueta","texto":"69.20","handle":"68DE","layer":"Cloacas"},"geometry":{"type":"Point","coordinates":[-61.1251173,-33.536733]}},{"type":"Feature","properties":{"tipo":"etiqueta","texto":"80.40","handle":"68DF","layer":"Cloacas"},"geometry":{"type":"Point","coordinates":[-61.125008,-33.5366864]}},{"type":"Feature","properties":{"tipo":"etiqueta","texto":"83.40","handle":"68E0","layer":"Cloacas"},"geometry":{"type":"Point","coordinates":[-61.1249786,-33.5366759]}},{"type":"Feature","properties":{"tipo":"etiqueta","texto":"106.80","handle":"68E1","layer":"Cloacas"},"geometry":{"type":"Point","coordinates":[-61.1247547,-33.536581]}},{"type":"Feature","properties":{"tipo":"etiqueta","texto":"41.00","handle":"68FF","layer":"Cloacas"},"geometry":{"type":"Point","coordinates":[-61.1255571,-33.5367874]}},{"type":"Feature","properties":{"tipo":"etiqueta","texto":"59.40","handle":"6900","layer":"Cloacas"},"geometry":{"type":"Point","coordinates":[-61.1253777,-33.5367134]}},{"type":"Feature","properties":{"tipo":"etiqueta","texto":"65.90","handle":"690E","layer":"Cloacas"},"geometry":{"type":"Point","coordinates":[-61.1253172,-33.5366877]}},{"type":"Feature","properties":{"tipo":"etiqueta","texto":"92.00","handle":"6910","layer":"Cloacas"},"geometry":{"type":"Point","coordinates":[-61.125068,-33.5365827]}},{"type":"Feature","properties":{"tipo":"etiqueta","texto":"104.00","handle":"6913","layer":"Cloacas"},"geometry":{"type":"Point","coordinates":[-61.1249518,-33.5365359]}},{"type":"Feature","properties":{"tipo":"etiqueta","texto":"107.00","handle":"6914","layer":"Cloacas"},"geometry":{"type":"Point","coordinates":[-61.1249221,-33.5365236]}},{"type":"Feature","properties":{"tipo":"etiqueta","texto":"81.80","handle":"6915","layer":"Cloacas"},"geometry":{"type":"Point","coordinates":[-61.1251643,-33.5366237]}},{"type":"Feature","properties":{"tipo":"etiqueta","texto":"16.80","handle":"695D","layer":"Cloacas"},"geometry":{"type":"Point","coordinates":[-61.1261048,-33.5370139]}},{"type":"Feature","properties":{"tipo":"etiqueta","texto":"27.00","handle":"695E","layer":"Cloacas"},"geometry":{"type":"Point","coordinates":[-61.1262018,-33.5370541]}},{"type":"Feature","properties":{"tipo":"etiqueta","texto":"46.20","handle":"695F","layer":"Cloacas"},"geometry":{"type":"Point","coordinates":[-61.1263865,-33.5371311]}},{"type":"Feature","properties":{"tipo":"etiqueta","texto":"51.60","handle":"6960","layer":"Cloacas"},"geometry":{"type":"Point","coordinates":[-61.1264383,-33.5371531]}},{"type":"Feature","properties":{"tipo":"etiqueta","texto":"67.30","handle":"6961","layer":"Cloacas"},"geometry":{"type":"Point","coordinates":[-61.1265888,-33.5372159]}},{"type":"Feature","properties":{"tipo":"etiqueta","texto":"74.00","handle":"6962","layer":"Cloacas"},"geometry":{"type":"Point","coordinates":[-61.1266513,-33.5372418]}},{"type":"Feature","properties":{"tipo":"etiqueta","texto":"79.00","handle":"6963","layer":"Cloacas"},"geometry":{"type":"Point","coordinates":[-61.1267004,-33.5372606]}},{"type":"Feature","properties":{"tipo":"etiqueta","texto":"88.80","handle":"6964","layer":"Cloacas"},"geometry":{"type":"Point","coordinates":[-61.1267947,-33.5372997]}},{"type":"Feature","properties":{"tipo":"etiqueta","texto":"101.20","handle":"6965","layer":"Cloacas"},"geometry":{"type":"Point","coordinates":[-61.1269131,-33.5373477]}},{"type":"Feature","properties":{"tipo":"etiqueta","texto":"64.00","handle":"69BE","layer":"Cloacas"},"geometry":{"type":"Point","coordinates":[-61.1263827,-33.5372605]}},{"type":"Feature","properties":{"tipo":"etiqueta","texto":"75.60","handle":"69BF","layer":"Cloacas"},"geometry":{"type":"Point","coordinates":[-61.1264922,-33.5373076]}},{"type":"Feature","properties":{"tipo":"etiqueta","texto":"85.00","handle":"69C0","layer":"Cloacas"},"geometry":{"type":"Point","coordinates":[-61.1265832,-33.5373444]}},{"type":"Feature","properties":{"tipo":"etiqueta","texto":"97.20","handle":"69C1","layer":"Cloacas"},"geometry":{"type":"Point","coordinates":[-61.1266985,-33.537393]}},{"type":"Feature","properties":{"tipo":"etiqueta","texto":"109.00","handle":"69C2","layer":"Cloacas"},"geometry":{"type":"Point","coordinates":[-61.1268137,-33.5374405]}},{"type":"Feature","properties":{"tipo":"etiqueta","texto":"59.80","handle":"69C3","layer":"Cloacas"},"geometry":{"type":"Point","coordinates":[-61.1263423,-33.5372437]}},{"type":"Feature","properties":{"tipo":"etiqueta","texto":"35.00","handle":"69C4","layer":"Cloacas"},"geometry":{"type":"Point","coordinates":[-61.1261042,-33.5371444]}},{"type":"Feature","properties":{"tipo":"etiqueta","texto":"37.80","handle":"69D4","layer":"Cloacas"},"geometry":{"type":"Point","coordinates":[-61.1273729,-33.5376658]}},{"type":"Feature","properties":{"tipo":"etiqueta","texto":"43.00","handle":"69D5","layer":"Cloacas"},"geometry":{"type":"Point","coordinates":[-61.1274227,-33.5376868]}},{"type":"Feature","properties":{"tipo":"etiqueta","texto":"52.60","handle":"69D6","layer":"Cloacas"},"geometry":{"type":"Point","coordinates":[-61.1275135,-33.5377262]}},{"type":"Feature","properties":{"tipo":"etiqueta","texto":"65.20","handle":"69D7","layer":"Cloacas"},"geometry":{"type":"Point","coordinates":[-61.1276338,-33.5377771]}},{"type":"Feature","properties":{"tipo":"etiqueta","texto":"81.00","handle":"69D8","layer":"Cloacas"},"geometry":{"type":"Point","coordinates":[-61.127784,-33.5378403]}},{"type":"Feature","properties":{"tipo":"etiqueta","texto":"92.60","handle":"69D9","layer":"Cloacas"},"geometry":{"type":"Point","coordinates":[-61.1278966,-33.5378876]}},{"type":"Feature","properties":{"tipo":"etiqueta","texto":"111.50","handle":"69E7","layer":"Cloacas"},"geometry":{"type":"Point","coordinates":[-61.1280771,-33.5379636]}},{"type":"Feature","properties":{"tipo":"etiqueta","texto":"115.40","handle":"69E8","layer":"Cloacas"},"geometry":{"type":"Point","coordinates":[-61.1281138,-33.5379781]}},{"type":"Feature","properties":{"tipo":"etiqueta","texto":"21.60","handle":"6A04","layer":"Cloacas"},"geometry":{"type":"Point","coordinates":[-61.1274074,-33.5375602]}},{"type":"Feature","properties":{"tipo":"etiqueta","texto":"32.60","handle":"6A05","layer":"Cloacas"},"geometry":{"type":"Point","coordinates":[-61.1275085,-33.5376006]}},{"type":"Feature","properties":{"tipo":"etiqueta","texto":"69.60","handle":"6A0E","layer":"Cloacas"},"geometry":{"type":"Point","coordinates":[-61.1278704,-33.5377501]}},{"type":"Feature","properties":{"tipo":"etiqueta","texto":"43.60","handle":"6A0F","layer":"Cloacas"},"geometry":{"type":"Point","coordinates":[-61.1276196,-33.5376471]}},{"type":"Feature","properties":{"tipo":"etiqueta","texto":"89.80","handle":"6A10","layer":"Cloacas"},"geometry":{"type":"Point","coordinates":[-61.1280648,-33.5378302]}},{"type":"Feature","properties":{"tipo":"etiqueta","texto":"94.00","handle":"6A11","layer":"Cloacas"},"geometry":{"type":"Point","coordinates":[-61.1281051,-33.5378461]}},{"type":"Feature","properties":{"tipo":"etiqueta","texto":"21.00","handle":"6A2F","layer":"Cloacas"},"geometry":{"type":"Point","coordinates":[-61.1279615,-33.5366113]}},{"type":"Feature","properties":{"tipo":"etiqueta","texto":"29.40","handle":"6A30","layer":"Cloacas"},"geometry":{"type":"Point","coordinates":[-61.1280424,-33.5366446]}},{"type":"Feature","properties":{"tipo":"etiqueta","texto":"42.40","handle":"6A31","layer":"Cloacas"},"geometry":{"type":"Point","coordinates":[-61.1281655,-33.5366969]}},{"type":"Feature","properties":{"tipo":"etiqueta","texto":"51.30","handle":"6A32","layer":"Cloacas"},"geometry":{"type":"Point","coordinates":[-61.1282522,-33.5367315]}},{"type":"Feature","properties":{"tipo":"etiqueta","texto":"77.80","handle":"6A33","layer":"Cloacas"},"geometry":{"type":"Point","coordinates":[-61.1285074,-33.5368364]}},{"type":"Feature","properties":{"tipo":"etiqueta","texto":"95.85","handle":"6A34","layer":"Cloacas"},"geometry":{"type":"Point","coordinates":[-61.1286815,-33.5369074]}},{"type":"Feature","properties":{"tipo":"etiqueta","texto":"97.80","handle":"6A35","layer":"Cloacas"},"geometry":{"type":"Point","coordinates":[-61.1287003,-33.5369149]}},{"type":"Feature","properties":{"tipo":"etiqueta","texto":"32.80","handle":"6A47","layer":"Cloacas"},"geometry":{"type":"Point","coordinates":[-61.1287438,-33.5372488]}},{"type":"Feature","properties":{"tipo":"etiqueta","texto":"39.00","handle":"6A48","layer":"Cloacas"},"geometry":{"type":"Point","coordinates":[-61.1287148,-33.5372987]}},{"type":"Feature","properties":{"tipo":"etiqueta","texto":"55.40","handle":"6A49","layer":"Cloacas"},"geometry":{"type":"Point","coordinates":[-61.1286375,-33.5374299]}},{"type":"Feature","properties":{"tipo":"etiqueta","texto":"56.60","handle":"6A4A","layer":"Cloacas"},"geometry":{"type":"Point","coordinates":[-61.1286318,-33.5374403]}},{"type":"Feature","properties":{"tipo":"etiqueta","texto":"69.00","handle":"6A4B","layer":"Cloacas"},"geometry":{"type":"Point","coordinates":[-61.1285711,-33.5375395]}},{"type":"Feature","properties":{"tipo":"etiqueta","texto":"87.60","handle":"6A4C","layer":"Cloacas"},"geometry":{"type":"Point","coordinates":[-61.1284833,-33.5376906]}},{"type":"Feature","properties":{"tipo":"etiqueta","texto":"98.20","handle":"6A4D","layer":"Cloacas"},"geometry":{"type":"Point","coordinates":[-61.1284332,-33.5377745]}},{"type":"Feature","properties":{"tipo":"etiqueta","texto":"103.80","handle":"6A50","layer":"Cloacas"},"geometry":{"type":"Point","coordinates":[-61.1284071,-33.5378193]}},{"type":"Feature","properties":{"tipo":"etiqueta","texto":"16.20","handle":"6A63","layer":"Cloacas"},"geometry":{"type":"Point","coordinates":[-61.1281865,-33.5381577]}},{"type":"Feature","properties":{"tipo":"etiqueta","texto":"19.00","handle":"6A64","layer":"Cloacas"},"geometry":{"type":"Point","coordinates":[-61.1281723,-33.5381811]}},{"type":"Feature","properties":{"tipo":"etiqueta","texto":"33.20","handle":"6A65","layer":"Cloacas"},"geometry":{"type":"Point","coordinates":[-61.1281039,-33.5382944]}},{"type":"Feature","properties":{"tipo":"etiqueta","texto":"58.30","handle":"6A66","layer":"Cloacas"},"geometry":{"type":"Point","coordinates":[-61.1279828,-33.5384945]}},{"type":"Feature","properties":{"tipo":"etiqueta","texto":"61.00","handle":"6A67","layer":"Cloacas"},"geometry":{"type":"Point","coordinates":[-61.1279694,-33.5385143]}},{"type":"Feature","properties":{"tipo":"etiqueta","texto":"33.20","handle":"6AA3","layer":"Cloacas"},"geometry":{"type":"Point","coordinates":[-61.1270213,-33.5377369]}},{"type":"Feature","properties":{"tipo":"etiqueta","texto":"34.60","handle":"6AA4","layer":"Cloacas"},"geometry":{"type":"Point","coordinates":[-61.1270145,-33.5377484]}},{"type":"Feature","properties":{"tipo":"etiqueta","texto":"51.60","handle":"6AA5","layer":"Cloacas"},"geometry":{"type":"Point","coordinates":[-61.1269323,-33.5378842]}},{"type":"Feature","properties":{"tipo":"etiqueta","texto":"62.80","handle":"6AA7","layer":"Cloacas"},"geometry":{"type":"Point","coordinates":[-61.1268783,-33.5379732]}},{"type":"Feature","properties":{"tipo":"etiqueta","texto":"67.00","handle":"6AA8","layer":"Cloacas"},"geometry":{"type":"Point","coordinates":[-61.1268584,-33.5380072]}},{"type":"Feature","properties":{"tipo":"etiqueta","texto":"83.10","handle":"6AA9","layer":"Cloacas"},"geometry":{"type":"Point","coordinates":[-61.12678,-33.5381357]}},{"type":"Feature","properties":{"tipo":"etiqueta","texto":"94.30","handle":"6AAA","layer":"Cloacas"},"geometry":{"type":"Point","coordinates":[-61.1267271,-33.538225]}},{"type":"Feature","properties":{"tipo":"etiqueta","texto":"11.40","handle":"6ACA","layer":"Cloacas"},"geometry":{"type":"Point","coordinates":[-61.1269574,-33.5376042]}},{"type":"Feature","properties":{"tipo":"etiqueta","texto":"17.80","handle":"6ACB","layer":"Cloacas"},"geometry":{"type":"Point","coordinates":[-61.1269212,-33.5376644]}},{"type":"Feature","properties":{"tipo":"etiqueta","texto":"34.00","handle":"6ACC","layer":"Cloacas"},"geometry":{"type":"Point","coordinates":[-61.1268476,-33.5377846]}},{"type":"Feature","properties":{"tipo":"etiqueta","texto":"54.00","handle":"6ACD","layer":"Cloacas"},"geometry":{"type":"Point","coordinates":[-61.1267515,-33.5379438]}},{"type":"Feature","properties":{"tipo":"etiqueta","texto":"58.20","handle":"6ACE","layer":"Cloacas"},"geometry":{"type":"Point","coordinates":[-61.1267315,-33.5379772]}},{"type":"Feature","properties":{"tipo":"etiqueta","texto":"71.20","handle":"6ACF","layer":"Cloacas"},"geometry":{"type":"Point","coordinates":[-61.1266685,-33.5380812]}},{"type":"Feature","properties":{"tipo":"etiqueta","texto":"91.40","handle":"6AD0","layer":"Cloacas"},"geometry":{"type":"Point","coordinates":[-61.1265708,-33.5382425]}},{"type":"Feature","properties":{"tipo":"etiqueta","texto":"101.60","handle":"6AD1","layer":"Cloacas"},"geometry":{"type":"Point","coordinates":[-61.1265221,-33.5383236]}},{"type":"Feature","properties":{"tipo":"etiqueta","texto":"36.80","handle":"6AEC","layer":"Cloacas"},"geometry":{"type":"Point","coordinates":[-61.1257728,-33.537246]}},{"type":"Feature","properties":{"tipo":"etiqueta","texto":"50.00","handle":"6AED","layer":"Cloacas"},"geometry":{"type":"Point","coordinates":[-61.1257087,-33.5373512]}},{"type":"Feature","properties":{"tipo":"etiqueta","texto":"61.40","handle":"6AEE","layer":"Cloacas"},"geometry":{"type":"Point","coordinates":[-61.1256527,-33.5374442]}},{"type":"Feature","properties":{"tipo":"etiqueta","texto":"73.80","handle":"6AEF","layer":"Cloacas"},"geometry":{"type":"Point","coordinates":[-61.1255953,-33.5375413]}},{"type":"Feature","properties":{"tipo":"etiqueta","texto":"79.60","handle":"6AF0","layer":"Cloacas"},"geometry":{"type":"Point","coordinates":[-61.1255647,-33.5375887]}},{"type":"Feature","properties":{"tipo":"etiqueta","texto":"102.20","handle":"6AF3","layer":"Cloacas"},"geometry":{"type":"Point","coordinates":[-61.1254567,-33.5377676]}},{"type":"Feature","properties":{"tipo":"etiqueta","texto":"12.40","handle":"6B00","layer":"Cloacas"},"geometry":{"type":"Point","coordinates":[-61.1257144,-33.5370958]}},{"type":"Feature","properties":{"tipo":"etiqueta","texto":"22.00","handle":"6B01","layer":"Cloacas"},"geometry":{"type":"Point","coordinates":[-61.1256682,-33.5371736]}},{"type":"Feature","properties":{"tipo":"etiqueta","texto":"28.10","handle":"6B02","layer":"Cloacas"},"geometry":{"type":"Point","coordinates":[-61.1256384,-33.5372218]}},{"type":"Feature","properties":{"tipo":"etiqueta","texto":"35.70","handle":"6B03","layer":"Cloacas"},"geometry":{"type":"Point","coordinates":[-61.1256021,-33.5372834]}},{"type":"Feature","properties":{"tipo":"etiqueta","texto":"48.80","handle":"6B04","layer":"Cloacas"},"geometry":{"type":"Point","coordinates":[-61.1255396,-33.5373874]}},{"type":"Feature","properties":{"tipo":"etiqueta","texto":"11.40","handle":"6B7C","layer":"Cloacas"},"geometry":{"type":"Point","coordinates":[-61.1266828,-33.5385132]}},{"type":"Feature","properties":{"tipo":"etiqueta","texto":"19.80","handle":"6B7D","layer":"Cloacas"},"geometry":{"type":"Point","coordinates":[-61.1267635,-33.538548]}},{"type":"Feature","properties":{"tipo":"etiqueta","texto":"29.40","handle":"6B7E","layer":"Cloacas"},"geometry":{"type":"Point","coordinates":[-61.1268555,-33.5385871]}},{"type":"Feature","properties":{"tipo":"etiqueta","texto":"43.00","handle":"6B7F","layer":"Cloacas"},"geometry":{"type":"Point","coordinates":[-61.1269852,-33.538642]}},{"type":"Feature","properties":{"tipo":"etiqueta","texto":"51.40","handle":"6B80","layer":"Cloacas"},"geometry":{"type":"Point","coordinates":[-61.1270655,-33.5386759]}},{"type":"Feature","properties":{"tipo":"etiqueta","texto":"62.90","handle":"6B81","layer":"Cloacas"},"geometry":{"type":"Point","coordinates":[-61.1271761,-33.538722]}},{"type":"Feature","properties":{"tipo":"etiqueta","texto":"79.60","handle":"6B82","layer":"Cloacas"},"geometry":{"type":"Point","coordinates":[-61.1273352,-33.5387907]}},{"type":"Feature","properties":{"tipo":"etiqueta","texto":"82.40","handle":"6B83","layer":"Cloacas"},"geometry":{"type":"Point","coordinates":[-61.1273625,-33.5388021]}},{"type":"Feature","properties":{"tipo":"etiqueta","texto":"88.40","handle":"6B84","layer":"Cloacas"},"geometry":{"type":"Point","coordinates":[-61.1274195,-33.538827]}},{"type":"Feature","properties":{"tipo":"etiqueta","texto":"23.60","handle":"6B9C","layer":"Cloacas"},"geometry":{"type":"Point","coordinates":[-61.1255626,-33.538053]}},{"type":"Feature","properties":{"tipo":"etiqueta","texto":"36.00","handle":"6B9D","layer":"Cloacas"},"geometry":{"type":"Point","coordinates":[-61.1256808,-33.5381018]}},{"type":"Feature","properties":{"tipo":"etiqueta","texto":"48.20","handle":"6B9E","layer":"Cloacas"},"geometry":{"type":"Point","coordinates":[-61.125798,-33.5381503]}},{"type":"Feature","properties":{"tipo":"etiqueta","texto":"53.20","handle":"6B9F","layer":"Cloacas"},"geometry":{"type":"Point","coordinates":[-61.1258468,-33.5381712]}},{"type":"Feature","properties":{"tipo":"etiqueta","texto":"68.46","handle":"6BA0","layer":"Cloacas"},"geometry":{"type":"Point","coordinates":[-61.1259932,-33.5382319]}},{"type":"Feature","properties":{"tipo":"etiqueta","texto":"92.20","handle":"6BA1","layer":"Cloacas"},"geometry":{"type":"Point","coordinates":[-61.1262206,-33.5383273]}},{"type":"Feature","properties":{"tipo":"etiqueta","texto":"95.00","handle":"6BA2","layer":"Cloacas"},"geometry":{"type":"Point","coordinates":[-61.1262472,-33.5383382]}},{"type":"Feature","properties":{"tipo":"etiqueta","texto":"23.80","handle":"6BF9","layer":"Cloacas"},"geometry":{"type":"Point","coordinates":[-61.1255042,-33.5381649]}},{"type":"Feature","properties":{"tipo":"etiqueta","texto":"28.60","handle":"6BFA","layer":"Cloacas"},"geometry":{"type":"Point","coordinates":[-61.1255497,-33.5381838]}},{"type":"Feature","properties":{"tipo":"etiqueta","texto":"39.10","handle":"6BFB","layer":"Cloacas"},"geometry":{"type":"Point","coordinates":[-61.1256494,-33.5382256]}},{"type":"Feature","properties":{"tipo":"etiqueta","texto":"51.00","handle":"6BFC","layer":"Cloacas"},"geometry":{"type":"Point","coordinates":[-61.1257637,-33.5382735]}},{"type":"Feature","properties":{"tipo":"etiqueta","texto":"66.00","handle":"6BFD","layer":"Cloacas"},"geometry":{"type":"Point","coordinates":[-61.1259087,-33.5383334]}},{"type":"Feature","properties":{"tipo":"etiqueta","texto":"69.20","handle":"6BFE","layer":"Cloacas"},"geometry":{"type":"Point","coordinates":[-61.1259401,-33.5383456]}},{"type":"Feature","properties":{"tipo":"etiqueta","texto":"78.50","handle":"6BFF","layer":"Cloacas"},"geometry":{"type":"Point","coordinates":[-61.1260277,-33.5383825]}},{"type":"Feature","properties":{"tipo":"etiqueta","texto":"13.80","handle":"6C16","layer":"Cloacas"},"geometry":{"type":"Point","coordinates":[-61.1263376,-33.5386381]}},{"type":"Feature","properties":{"tipo":"etiqueta","texto":"32.40","handle":"6C17","layer":"Cloacas"},"geometry":{"type":"Point","coordinates":[-61.1262479,-33.5387867]}},{"type":"Feature","properties":{"tipo":"etiqueta","texto":"49.60","handle":"6C18","layer":"Cloacas"},"geometry":{"type":"Point","coordinates":[-61.1261655,-33.5389241]}},{"type":"Feature","properties":{"tipo":"etiqueta","texto":"57.60","handle":"6C19","layer":"Cloacas"},"geometry":{"type":"Point","coordinates":[-61.1261269,-33.5389879]}},{"type":"Feature","properties":{"tipo":"etiqueta","texto":"66.40","handle":"6C1A","layer":"Cloacas"},"geometry":{"type":"Point","coordinates":[-61.1260841,-33.5390584]}},{"type":"Feature","properties":{"tipo":"etiqueta","texto":"74.40","handle":"6C1B","layer":"Cloacas"},"geometry":{"type":"Point","coordinates":[-61.126046,-33.5391224]}},{"type":"Feature","properties":{"tipo":"etiqueta","texto":"90.50","handle":"6C1C","layer":"Cloacas"},"geometry":{"type":"Point","coordinates":[-61.1259684,-33.5392511]}},{"type":"Feature","properties":{"tipo":"etiqueta","texto":"101.40","handle":"6C1D","layer":"Cloacas"},"geometry":{"type":"Point","coordinates":[-61.1259163,-33.5393378]}},{"type":"Feature","properties":{"tipo":"etiqueta","texto":"23.90","handle":"6C44","layer":"Cloacas"},"geometry":{"type":"Point","coordinates":[-61.1251744,-33.5382474]}},{"type":"Feature","properties":{"tipo":"etiqueta","texto":"33.80","handle":"6C45","layer":"Cloacas"},"geometry":{"type":"Point","coordinates":[-61.1251274,-33.5383266]}},{"type":"Feature","properties":{"tipo":"etiqueta","texto":"40.20","handle":"6C46","layer":"Cloacas"},"geometry":{"type":"Point","coordinates":[-61.125096,-33.5383777]}},{"type":"Feature","properties":{"tipo":"etiqueta","texto":"57.40","handle":"6C47","layer":"Cloacas"},"geometry":{"type":"Point","coordinates":[-61.1250152,-33.538514]}},{"type":"Feature","properties":{"tipo":"etiqueta","texto":"61.80","handle":"6C48","layer":"Cloacas"},"geometry":{"type":"Point","coordinates":[-61.1249923,-33.5385501]}},{"type":"Feature","properties":{"tipo":"etiqueta","texto":"79.60","handle":"6C49","layer":"Cloacas"},"geometry":{"type":"Point","coordinates":[-61.1249074,-33.5386929]}},{"type":"Feature","properties":{"tipo":"etiqueta","texto":"88.00","handle":"6C4A","layer":"Cloacas"},"geometry":{"type":"Point","coordinates":[-61.1248673,-33.5387595]}},{"type":"Feature","properties":{"tipo":"etiqueta","texto":"96.20","handle":"6C4B","layer":"Cloacas"},"geometry":{"type":"Point","coordinates":[-61.1248273,-33.5388255]}},{"type":"Feature","properties":{"tipo":"etiqueta","texto":"107.20","handle":"6C4C","layer":"Cloacas"},"geometry":{"type":"Point","coordinates":[-61.1247735,-33.5389134]}},{"type":"Feature","properties":{"tipo":"etiqueta","texto":"30.30","handle":"6CF4","layer":"Cloacas"},"geometry":{"type":"Point","coordinates":[-61.1266885,-33.5386556]}},{"type":"Feature","properties":{"tipo":"etiqueta","texto":"36.40","handle":"6CF5","layer":"Cloacas"},"geometry":{"type":"Point","coordinates":[-61.1267471,-33.5386799]}},{"type":"Feature","properties":{"tipo":"etiqueta","texto":"58.20","handle":"6CF6","layer":"Cloacas"},"geometry":{"type":"Point","coordinates":[-61.1269568,-33.5387652]}},{"type":"Feature","properties":{"tipo":"etiqueta","texto":"64.60","handle":"6CF7","layer":"Cloacas"},"geometry":{"type":"Point","coordinates":[-61.1270188,-33.5387905]}},{"type":"Feature","properties":{"tipo":"etiqueta","texto":"78.60","handle":"6CF8","layer":"Cloacas"},"geometry":{"type":"Point","coordinates":[-61.1271539,-33.5388458]}},{"type":"Feature","properties":{"tipo":"etiqueta","texto":"83.20","handle":"6CF9","layer":"Cloacas"},"geometry":{"type":"Point","coordinates":[-61.1271975,-33.5388639]}},{"type":"Feature","properties":{"tipo":"etiqueta","texto":"91.00","handle":"6CFA","layer":"Cloacas"},"geometry":{"type":"Point","coordinates":[-61.1272726,-33.5388946]}},{"type":"Feature","properties":{"tipo":"etiqueta","texto":"104.20","handle":"6CFB","layer":"Cloacas"},"geometry":{"type":"Point","coordinates":[-61.1273995,-33.5389477]}},{"type":"Feature","properties":{"tipo":"etiqueta","texto":"112.50","handle":"6CFC","layer":"Cloacas"},"geometry":{"type":"Point","coordinates":[-61.127479,-33.5389798]}},{"type":"Feature","properties":{"tipo":"etiqueta","texto":"10.20","handle":"6D40","layer":"Cloacas"},"geometry":{"type":"Point","coordinates":[-61.1264959,-33.5386874]}},{"type":"Feature","properties":{"tipo":"etiqueta","texto":"18.60","handle":"6D41","layer":"Cloacas"},"geometry":{"type":"Point","coordinates":[-61.1264562,-33.5387541]}},{"type":"Feature","properties":{"tipo":"etiqueta","texto":"27.20","handle":"6D42","layer":"Cloacas"},"geometry":{"type":"Point","coordinates":[-61.1264158,-33.5388239]}},{"type":"Feature","properties":{"tipo":"etiqueta","texto":"40.20","handle":"6D43","layer":"Cloacas"},"geometry":{"type":"Point","coordinates":[-61.1263548,-33.538928]}},{"type":"Feature","properties":{"tipo":"etiqueta","texto":"44.20","handle":"6D44","layer":"Cloacas"},"geometry":{"type":"Point","coordinates":[-61.1263354,-33.5389604]}},{"type":"Feature","properties":{"tipo":"etiqueta","texto":"51.70","handle":"6D45","layer":"Cloacas"},"geometry":{"type":"Point","coordinates":[-61.1263002,-33.5390208]}},{"type":"Feature","properties":{"tipo":"etiqueta","texto":"81.40","handle":"6D46","layer":"Cloacas"},"geometry":{"type":"Point","coordinates":[-61.12616,-33.5392589]}},{"type":"Feature","properties":{"tipo":"etiqueta","texto":"87.20","handle":"6D47","layer":"Cloacas"},"geometry":{"type":"Point","coordinates":[-61.1261325,-33.5393059]}},{"type":"Feature","properties":{"tipo":"etiqueta","texto":"96.20","handle":"6D48","layer":"Cloacas"},"geometry":{"type":"Point","coordinates":[-61.1260904,-33.539378]}},{"type":"Feature","properties":{"tipo":"etiqueta","texto":"17.10","handle":"6DC4","layer":"Cloacas"},"geometry":{"type":"Point","coordinates":[-61.1269203,-33.539959]}},{"type":"Feature","properties":{"tipo":"etiqueta","texto":"26.80","handle":"6DC5","layer":"Cloacas"},"geometry":{"type":"Point","coordinates":[-61.1268248,-33.5399202]}},{"type":"Feature","properties":{"tipo":"etiqueta","texto":"30.80","handle":"6DC6","layer":"Cloacas"},"geometry":{"type":"Point","coordinates":[-61.1267864,-33.5399044]}},{"type":"Feature","properties":{"tipo":"etiqueta","texto":"43.80","handle":"6DC7","layer":"Cloacas"},"geometry":{"type":"Point","coordinates":[-61.1266613,-33.5398538]}},{"type":"Feature","properties":{"tipo":"etiqueta","texto":"62.10","handle":"6DC8","layer":"Cloacas"},"geometry":{"type":"Point","coordinates":[-61.1264848,-33.5397816]}},{"type":"Feature","properties":{"tipo":"etiqueta","texto":"66.40","handle":"6DC9","layer":"Cloacas"},"geometry":{"type":"Point","coordinates":[-61.1264438,-33.5397646]}},{"type":"Feature","properties":{"tipo":"etiqueta","texto":"77.40","handle":"6DCA","layer":"Cloacas"},"geometry":{"type":"Point","coordinates":[-61.1263379,-33.5397215]}},{"type":"Feature","properties":{"tipo":"etiqueta","texto":"86.80","handle":"6DCB","layer":"Cloacas"},"geometry":{"type":"Point","coordinates":[-61.1262468,-33.5396842]}},{"type":"Feature","properties":{"tipo":"etiqueta","texto":"91.20","handle":"6DCC","layer":"Cloacas"},"geometry":{"type":"Point","coordinates":[-61.1262043,-33.5396668]}},{"type":"Feature","properties":{"tipo":"etiqueta","texto":"17.20","handle":"6DDC","layer":"Cloacas"},"geometry":{"type":"Point","coordinates":[-61.1271554,-33.5398836]}},{"type":"Feature","properties":{"tipo":"etiqueta","texto":"22.20","handle":"6DDD","layer":"Cloacas"},"geometry":{"type":"Point","coordinates":[-61.127179,-33.539844]}},{"type":"Feature","properties":{"tipo":"etiqueta","texto":"35.60","handle":"6DDE","layer":"Cloacas"},"geometry":{"type":"Point","coordinates":[-61.1272418,-33.539736]}},{"type":"Feature","properties":{"tipo":"etiqueta","texto":"60.00","handle":"6DDF","layer":"Cloacas"},"geometry":{"type":"Point","coordinates":[-61.1273569,-33.5395401]}},{"type":"Feature","properties":{"tipo":"etiqueta","texto":"87.40","handle":"6DE0","layer":"Cloacas"},"geometry":{"type":"Point","coordinates":[-61.1274858,-33.5393198]}},{"type":"Feature","properties":{"tipo":"etiqueta","texto":"10.30","handle":"6E4D","layer":"Cloacas"},"geometry":{"type":"Point","coordinates":[-61.1269406,-33.5400928]}},{"type":"Feature","properties":{"tipo":"etiqueta","texto":"22.00","handle":"6E4E","layer":"Cloacas"},"geometry":{"type":"Point","coordinates":[-61.1268282,-33.5400464]}},{"type":"Feature","properties":{"tipo":"etiqueta","texto":"38.70","handle":"6E4F","layer":"Cloacas"},"geometry":{"type":"Point","coordinates":[-61.1266676,-33.5399799]}},{"type":"Feature","properties":{"tipo":"etiqueta","texto":"49.60","handle":"6E50","layer":"Cloacas"},"geometry":{"type":"Point","coordinates":[-61.1265629,-33.5399366]}},{"type":"Feature","properties":{"tipo":"etiqueta","texto":"60.35","handle":"6E51","layer":"Cloacas"},"geometry":{"type":"Point","coordinates":[-61.1264594,-33.5398938]}},{"type":"Feature","properties":{"tipo":"etiqueta","texto":"72.70","handle":"6E52","layer":"Cloacas"},"geometry":{"type":"Point","coordinates":[-61.1263407,-33.5398448]}},{"type":"Feature","properties":{"tipo":"etiqueta","texto":"84.60","handle":"6E53","layer":"Cloacas"},"geometry":{"type":"Point","coordinates":[-61.1262266,-33.5397974]}},{"type":"Feature","properties":{"tipo":"etiqueta","texto":"93.00","handle":"6E54","layer":"Cloacas"},"geometry":{"type":"Point","coordinates":[-61.1261456,-33.539764]}},{"type":"Feature","properties":{"tipo":"etiqueta","texto":"98.50","handle":"6E55","layer":"Cloacas"},"geometry":{"type":"Point","coordinates":[-61.1260928,-33.5397422]}},{"type":"Feature","properties":{"tipo":"etiqueta","texto":"17.00","handle":"6E61","layer":"Cloacas"},"geometry":{"type":"Point","coordinates":[-61.125416,-33.5404743]}},{"type":"Feature","properties":{"tipo":"etiqueta","texto":"29.70","handle":"6E62","layer":"Cloacas"},"geometry":{"type":"Point","coordinates":[-61.1254774,-33.5403731]}},{"type":"Feature","properties":{"tipo":"etiqueta","texto":"35.00","handle":"6E63","layer":"Cloacas"},"geometry":{"type":"Point","coordinates":[-61.1255027,-33.5403305]}},{"type":"Feature","properties":{"tipo":"etiqueta","texto":"43.80","handle":"6E64","layer":"Cloacas"},"geometry":{"type":"Point","coordinates":[-61.1255456,-33.5402603]}},{"type":"Feature","properties":{"tipo":"etiqueta","texto":"50.80","handle":"6E65","layer":"Cloacas"},"geometry":{"type":"Point","coordinates":[-61.1255791,-33.5402048]}},{"type":"Feature","properties":{"tipo":"etiqueta","texto":"61.60","handle":"6E66","layer":"Cloacas"},"geometry":{"type":"Point","coordinates":[-61.1256314,-33.5401183]}},{"type":"Feature","properties":{"tipo":"etiqueta","texto":"72.10","handle":"6E67","layer":"Cloacas"},"geometry":{"type":"Point","coordinates":[-61.1256819,-33.5400345]}},{"type":"Feature","properties":{"tipo":"etiqueta","texto":"75.40","handle":"6E68","layer":"Cloacas"},"geometry":{"type":"Point","coordinates":[-61.1256982,-33.5400084]}},{"type":"Feature","properties":{"tipo":"etiqueta","texto":"85.60","handle":"6E69","layer":"Cloacas"},"geometry":{"type":"Point","coordinates":[-61.1257472,-33.5399268]}},{"type":"Feature","properties":{"tipo":"etiqueta","texto":"100.40","handle":"6E6A","layer":"Cloacas"},"geometry":{"type":"Point","coordinates":[-61.1258198,-33.5398087]}},{"type":"Feature","properties":{"tipo":"etiqueta","texto":"15.90","handle":"6E8A","layer":"Cloacas"},"geometry":{"type":"Point","coordinates":[-61.1265296,-33.5409507]}},{"type":"Feature","properties":{"tipo":"etiqueta","texto":"22.00","handle":"6E8C","layer":"Cloacas"},"geometry":{"type":"Point","coordinates":[-61.1265599,-33.540903]}},{"type":"Feature","properties":{"tipo":"etiqueta","texto":"38.80","handle":"6E8D","layer":"Cloacas"},"geometry":{"type":"Point","coordinates":[-61.1266412,-33.5407689]}},{"type":"Feature","properties":{"tipo":"etiqueta","texto":"50.60","handle":"6E8E","layer":"Cloacas"},"geometry":{"type":"Point","coordinates":[-61.1266986,-33.5406751]}},{"type":"Feature","properties":{"tipo":"etiqueta","texto":"55.00","handle":"6E8F","layer":"Cloacas"},"geometry":{"type":"Point","coordinates":[-61.1267198,-33.5406397]}},{"type":"Feature","properties":{"tipo":"etiqueta","texto":"68.80","handle":"6E92","layer":"Cloacas"},"geometry":{"type":"Point","coordinates":[-61.1267859,-33.5405291]}},{"type":"Feature","properties":{"tipo":"etiqueta","texto":"64.40","handle":"6E93","layer":"Cloacas"},"geometry":{"type":"Point","coordinates":[-61.1267659,-33.5405646]}},{"type":"Feature","properties":{"tipo":"etiqueta","texto":"84.00","handle":"6E94","layer":"Cloacas"},"geometry":{"type":"Point","coordinates":[-61.1268596,-33.5404082]}},{"type":"Feature","properties":{"tipo":"etiqueta","texto":"95.00","handle":"6E95","layer":"Cloacas"},"geometry":{"type":"Point","coordinates":[-61.1269139,-33.5403203]}},{"type":"Feature","properties":{"tipo":"etiqueta","texto":"105.30","handle":"6E96","layer":"Cloacas"},"geometry":{"type":"Point","coordinates":[-61.1269617,-33.5402377]}},{"type":"Feature","properties":{"tipo":"etiqueta","texto":"20.00","handle":"6EAA","layer":"Cloacas"},"geometry":{"type":"Point","coordinates":[-61.1262709,-33.5410006]}},{"type":"Feature","properties":{"tipo":"etiqueta","texto":"30.00","handle":"6EAB","layer":"Cloacas"},"geometry":{"type":"Point","coordinates":[-61.1261749,-33.5409609]}},{"type":"Feature","properties":{"tipo":"etiqueta","texto":"38.80","handle":"6EAC","layer":"Cloacas"},"geometry":{"type":"Point","coordinates":[-61.1260907,-33.5409257]}},{"type":"Feature","properties":{"tipo":"etiqueta","texto":"41.20","handle":"6EAD","layer":"Cloacas"},"geometry":{"type":"Point","coordinates":[-61.1260659,-33.5409156]}},{"type":"Feature","properties":{"tipo":"etiqueta","texto":"63.70","handle":"6EAE","layer":"Cloacas"},"geometry":{"type":"Point","coordinates":[-61.1258504,-33.5408253]}},{"type":"Feature","properties":{"tipo":"etiqueta","texto":"68.60","handle":"6EAF","layer":"Cloacas"},"geometry":{"type":"Point","coordinates":[-61.1258041,-33.5408057]}},{"type":"Feature","properties":{"tipo":"etiqueta","texto":"87.00","handle":"6EB0","layer":"Cloacas"},"geometry":{"type":"Point","coordinates":[-61.1256272,-33.5407317]}},{"type":"Feature","properties":{"tipo":"etiqueta","texto":"98.00","handle":"6EB1","layer":"Cloacas"},"geometry":{"type":"Point","coordinates":[-61.1255229,-33.5406872]}},{"type":"Feature","properties":{"tipo":"etiqueta","texto":"111.40","handle":"6EB2","layer":"Cloacas"},"geometry":{"type":"Point","coordinates":[-61.1253944,-33.5406339]}},{"type":"Feature","properties":{"tipo":"etiqueta","texto":"55.00","handle":"6EDD","layer":"Cloacas"},"geometry":{"type":"Point","coordinates":[-61.1251633,-33.5393543]}},{"type":"Feature","properties":{"tipo":"etiqueta","texto":"94.00","handle":"6EDE","layer":"Cloacas"},"geometry":{"type":"Point","coordinates":[-61.1255393,-33.5395087]}},{"type":"Feature","properties":{"tipo":"etiqueta","texto":"16.20","handle":"6F28","layer":"Cloacas"},"geometry":{"type":"Point","coordinates":[-61.124854,-33.5390994]}},{"type":"Feature","properties":{"tipo":"etiqueta","texto":"22.20","handle":"6F29","layer":"Cloacas"},"geometry":{"type":"Point","coordinates":[-61.1249109,-33.5391235]}},{"type":"Feature","properties":{"tipo":"etiqueta","texto":"35.40","handle":"6F2A","layer":"Cloacas"},"geometry":{"type":"Point","coordinates":[-61.1250376,-33.5391766]}},{"type":"Feature","properties":{"tipo":"etiqueta","texto":"39.20","handle":"6F2B","layer":"Cloacas"},"geometry":{"type":"Point","coordinates":[-61.1250739,-33.5391918]}},{"type":"Feature","properties":{"tipo":"etiqueta","texto":"58.00","handle":"6F2C","layer":"Cloacas"},"geometry":{"type":"Point","coordinates":[-61.1252545,-33.539267]}},{"type":"Feature","properties":{"tipo":"etiqueta","texto":"68.40","handle":"6F2D","layer":"Cloacas"},"geometry":{"type":"Point","coordinates":[-61.125354,-33.539309]}},{"type":"Feature","properties":{"tipo":"etiqueta","texto":"88.40","handle":"6F2E","layer":"Cloacas"},"geometry":{"type":"Point","coordinates":[-61.1255459,-33.5393894]}},{"type":"Feature","properties":{"tipo":"etiqueta","texto":"103.10","handle":"6F2F","layer":"Cloacas"},"geometry":{"type":"Point","coordinates":[-61.1256872,-33.5394478]}},{"type":"Feature","properties":{"tipo":"etiqueta","texto":"17.00","handle":"6F80","layer":"Cloacas"},"geometry":{"type":"Point","coordinates":[-61.1245638,-33.5392692]}},{"type":"Feature","properties":{"tipo":"etiqueta","texto":"62.90","handle":"6F83","layer":"Cloacas"},"geometry":{"type":"Point","coordinates":[-61.1243399,-33.5396352]}},{"type":"Feature","properties":{"tipo":"etiqueta","texto":"70.40","handle":"6F84","layer":"Cloacas"},"geometry":{"type":"Point","coordinates":[-61.1243033,-33.5396947]}},{"type":"Feature","properties":{"tipo":"etiqueta","texto":"80.20","handle":"6F85","layer":"Cloacas"},"geometry":{"type":"Point","coordinates":[-61.1242559,-33.5397729]}},{"type":"Feature","properties":{"tipo":"etiqueta","texto":"89.80","handle":"6F86","layer":"Cloacas"},"geometry":{"type":"Point","coordinates":[-61.1242098,-33.5398497]}},{"type":"Feature","properties":{"tipo":"etiqueta","texto":"99.00","handle":"6F87","layer":"Cloacas"},"geometry":{"type":"Point","coordinates":[-61.1241652,-33.5399232]}},{"type":"Feature","properties":{"tipo":"etiqueta","texto":"32.00","handle":"6FB1","layer":"Cloacas"},"geometry":{"type":"Point","coordinates":[-61.1253067,-33.5404051]}},{"type":"Feature","properties":{"tipo":"etiqueta","texto":"36.00","handle":"6FB2","layer":"Cloacas"},"geometry":{"type":"Point","coordinates":[-61.125326,-33.5403734]}},{"type":"Feature","properties":{"tipo":"etiqueta","texto":"40.80","handle":"6FB3","layer":"Cloacas"},"geometry":{"type":"Point","coordinates":[-61.1253492,-33.5403351]}},{"type":"Feature","properties":{"tipo":"etiqueta","texto":"58.90","handle":"6FB4","layer":"Cloacas"},"geometry":{"type":"Point","coordinates":[-61.125436,-33.5401902]}},{"type":"Feature","properties":{"tipo":"etiqueta","texto":"64.60","handle":"6FB5","layer":"Cloacas"},"geometry":{"type":"Point","coordinates":[-61.1254635,-33.5401444]}},{"type":"Feature","properties":{"tipo":"etiqueta","texto":"74.00","handle":"6FB6","layer":"Cloacas"},"geometry":{"type":"Point","coordinates":[-61.1255084,-33.5400695]}},{"type":"Feature","properties":{"tipo":"etiqueta","texto":"103.00","handle":"6FB7","layer":"Cloacas"},"geometry":{"type":"Point","coordinates":[-61.1256478,-33.5398387]}},{"type":"Feature","properties":{"tipo":"etiqueta","texto":"13.70","handle":"6FFA","layer":"Cloacas"},"geometry":{"type":"Point","coordinates":[-61.1244638,-33.5391978]}},{"type":"Feature","properties":{"tipo":"etiqueta","texto":"16.00","handle":"6FFB","layer":"Cloacas"},"geometry":{"type":"Point","coordinates":[-61.124453,-33.5392158]}},{"type":"Feature","properties":{"tipo":"etiqueta","texto":"24.40","handle":"6FFC","layer":"Cloacas"},"geometry":{"type":"Point","coordinates":[-61.124412,-33.5392826]}},{"type":"Feature","properties":{"tipo":"etiqueta","texto":"35.00","handle":"6FFD","layer":"Cloacas"},"geometry":{"type":"Point","coordinates":[-61.1243603,-33.5393674]}},{"type":"Feature","properties":{"tipo":"etiqueta","texto":"46.60","handle":"6FFE","layer":"Cloacas"},"geometry":{"type":"Point","coordinates":[-61.1243043,-33.5394609]}},{"type":"Feature","properties":{"tipo":"etiqueta","texto":"57.80","handle":"6FFF","layer":"Cloacas"},"geometry":{"type":"Point","coordinates":[-61.1242499,-33.5395476]}},{"type":"Feature","properties":{"tipo":"etiqueta","texto":"86.50","handle":"7000","layer":"Cloacas"},"geometry":{"type":"Point","coordinates":[-61.1241114,-33.5397789]}},{"type":"Feature","properties":{"tipo":"etiqueta","texto":"89.90","handle":"7001","layer":"Cloacas"},"geometry":{"type":"Point","coordinates":[-61.1240946,-33.5398061]}},{"type":"Feature","properties":{"tipo":"etiqueta","texto":"101.60","handle":"7003","layer":"Cloacas"},"geometry":{"type":"Point","coordinates":[-61.1240383,-33.5398984]}},{"type":"Feature","properties":{"tipo":"etiqueta","texto":"72.50","handle":"7004","layer":"Cloacas"},"geometry":{"type":"Point","coordinates":[-61.1241793,-33.539666]}},{"type":"Feature","properties":{"tipo":"etiqueta","texto":"22.20","handle":"7020","layer":"Cloacas"},"geometry":{"type":"Point","coordinates":[-61.1243228,-33.5390087]}},{"type":"Feature","properties":{"tipo":"etiqueta","texto":"31.20","handle":"7021","layer":"Cloacas"},"geometry":{"type":"Point","coordinates":[-61.1242348,-33.5389712]}},{"type":"Feature","properties":{"tipo":"etiqueta","texto":"39.20","handle":"7022","layer":"Cloacas"},"geometry":{"type":"Point","coordinates":[-61.1241574,-33.5389398]}},{"type":"Feature","properties":{"tipo":"etiqueta","texto":"51.20","handle":"7023","layer":"Cloacas"},"geometry":{"type":"Point","coordinates":[-61.1240424,-33.538893]}},{"type":"Feature","properties":{"tipo":"etiqueta","texto":"62.40","handle":"7024","layer":"Cloacas"},"geometry":{"type":"Point","coordinates":[-61.1239356,-33.5388476]}},{"type":"Feature","properties":{"tipo":"etiqueta","texto":"70.00","handle":"7025","layer":"Cloacas"},"geometry":{"type":"Point","coordinates":[-61.1238622,-33.5388171]}},{"type":"Feature","properties":{"tipo":"etiqueta","texto":"79.40","handle":"7026","layer":"Cloacas"},"geometry":{"type":"Point","coordinates":[-61.1237717,-33.5387809]}},{"type":"Feature","properties":{"tipo":"etiqueta","texto":"25.90","handle":"704D","layer":"Cloacas"},"geometry":{"type":"Point","coordinates":[-61.1250834,-33.5405028]}},{"type":"Feature","properties":{"tipo":"etiqueta","texto":"33.30","handle":"704E","layer":"Cloacas"},"geometry":{"type":"Point","coordinates":[-61.1250118,-33.5404733]}},{"type":"Feature","properties":{"tipo":"etiqueta","texto":"43.80","handle":"704F","layer":"Cloacas"},"geometry":{"type":"Point","coordinates":[-61.124911,-33.5404314]}},{"type":"Feature","properties":{"tipo":"etiqueta","texto":"53.30","handle":"7050","layer":"Cloacas"},"geometry":{"type":"Point","coordinates":[-61.1248198,-33.5403939]}},{"type":"Feature","properties":{"tipo":"etiqueta","texto":"62.00","handle":"7051","layer":"Cloacas"},"geometry":{"type":"Point","coordinates":[-61.1247392,-33.5403592]}},{"type":"Feature","properties":{"tipo":"etiqueta","texto":"66.80","handle":"7052","layer":"Cloacas"},"geometry":{"type":"Point","coordinates":[-61.1246899,-33.5403402]}},{"type":"Feature","properties":{"tipo":"etiqueta","texto":"77.50","handle":"7053","layer":"Cloacas"},"geometry":{"type":"Point","coordinates":[-61.1245871,-33.5402976]}},{"type":"Feature","properties":{"tipo":"etiqueta","texto":"89.00","handle":"7054","layer":"Cloacas"},"geometry":{"type":"Point","coordinates":[-61.1244778,-33.540252]}},{"type":"Feature","properties":{"tipo":"etiqueta","texto":"98.00","handle":"7055","layer":"Cloacas"},"geometry":{"type":"Point","coordinates":[-61.1243897,-33.5402161]}},{"type":"Feature","properties":{"tipo":"etiqueta","texto":"101.40","handle":"7056","layer":"Cloacas"},"geometry":{"type":"Point","coordinates":[-61.1243581,-33.5402031]}},{"type":"Feature","properties":{"tipo":"etiqueta","texto":"110.70","handle":"7058","layer":"Cloacas"},"geometry":{"type":"Point","coordinates":[-61.1242686,-33.5401661]}},{"type":"Feature","properties":{"tipo":"etiqueta","texto":"15.80","handle":"7079","layer":"Cloacas"},"geometry":{"type":"Point","coordinates":[-61.1250132,-33.5406004]}},{"type":"Feature","properties":{"tipo":"etiqueta","texto":"19.00","handle":"707A","layer":"Cloacas"},"geometry":{"type":"Point","coordinates":[-61.1249802,-33.5405871]}},{"type":"Feature","properties":{"tipo":"etiqueta","texto":"49.10","handle":"707B","layer":"Cloacas"},"geometry":{"type":"Point","coordinates":[-61.1246911,-33.5404679]}},{"type":"Feature","properties":{"tipo":"etiqueta","texto":"78.80","handle":"707C","layer":"Cloacas"},"geometry":{"type":"Point","coordinates":[-61.1244088,-33.5403531]}},{"type":"Feature","properties":{"tipo":"etiqueta","texto":"90.50","handle":"707D","layer":"Cloacas"},"geometry":{"type":"Point","coordinates":[-61.1242968,-33.5403082]}},{"type":"Feature","properties":{"tipo":"etiqueta","texto":"103.00","handle":"707E","layer":"Cloacas"},"geometry":{"type":"Point","coordinates":[-61.1241742,-33.5402565]}},{"type":"Feature","properties":{"tipo":"etiqueta","texto":"14.40","handle":"7094","layer":"Cloacas"},"geometry":{"type":"Point","coordinates":[-61.1237678,-33.5400783]}},{"type":"Feature","properties":{"tipo":"etiqueta","texto":"20.60","handle":"7095","layer":"Cloacas"},"geometry":{"type":"Point","coordinates":[-61.1237056,-33.5400542]}},{"type":"Feature","properties":{"tipo":"etiqueta","texto":"54.40","handle":"7096","layer":"Cloacas"},"geometry":{"type":"Point","coordinates":[-61.1233797,-33.539918]}},{"type":"Feature","properties":{"tipo":"etiqueta","texto":"64.40","handle":"7097","layer":"Cloacas"},"geometry":{"type":"Point","coordinates":[-61.1232855,-33.5398793]}},{"type":"Feature","properties":{"tipo":"etiqueta","texto":"79.20","handle":"7098","layer":"Cloacas"},"geometry":{"type":"Point","coordinates":[-61.1231432,-33.5398209]}},{"type":"Feature","properties":{"tipo":"etiqueta","texto":"88.40","handle":"7099","layer":"Cloacas"},"geometry":{"type":"Point","coordinates":[-61.1230558,-33.5397868]}},{"type":"Feature","properties":{"tipo":"etiqueta","texto":"30.60","handle":"70BF","layer":"Cloacas"},"geometry":{"type":"Point","coordinates":[-61.1237752,-33.5399611]}},{"type":"Feature","properties":{"tipo":"etiqueta","texto":"36.00","handle":"70C0","layer":"Cloacas"},"geometry":{"type":"Point","coordinates":[-61.1237227,-33.5399397]}},{"type":"Feature","properties":{"tipo":"etiqueta","texto":"41.70","handle":"70C1","layer":"Cloacas"},"geometry":{"type":"Point","coordinates":[-61.1236689,-33.5399163]}},{"type":"Feature","properties":{"tipo":"etiqueta","texto":"62.40","handle":"70C2","layer":"Cloacas"},"geometry":{"type":"Point","coordinates":[-61.1234687,-33.5398347]}},{"type":"Feature","properties":{"tipo":"etiqueta","texto":"69.40","handle":"70C3","layer":"Cloacas"},"geometry":{"type":"Point","coordinates":[-61.1234017,-33.5398067]}},{"type":"Feature","properties":{"tipo":"etiqueta","texto":"80.30","handle":"70C4","layer":"Cloacas"},"geometry":{"type":"Point","coordinates":[-61.1232976,-33.5397638]}},{"type":"Feature","properties":{"tipo":"etiqueta","texto":"89.50","handle":"70C5","layer":"Cloacas"},"geometry":{"type":"Point","coordinates":[-61.1232087,-33.5397269]}},{"type":"Feature","properties":{"tipo":"etiqueta","texto":"102.20","handle":"70C6","layer":"Cloacas"},"geometry":{"type":"Point","coordinates":[-61.1230868,-33.5396773]}},{"type":"Feature","properties":{"tipo":"etiqueta","texto":"118.40","handle":"70C7","layer":"Cloacas"},"geometry":{"type":"Point","coordinates":[-61.1229318,-33.5396125]}},{"type":"Feature","properties":{"tipo":"etiqueta","texto":"111.40","handle":"70C8","layer":"Cloacas"},"geometry":{"type":"Point","coordinates":[-61.122998,-33.5396408]}},{"type":"Feature","properties":{"tipo":"etiqueta","texto":"12.60","handle":"70F8","layer":"Cloacas"},"geometry":{"type":"Point","coordinates":[-61.1234129,-33.5409513]}},{"type":"Feature","properties":{"tipo":"etiqueta","texto":"24.30","handle":"70F9","layer":"Cloacas"},"geometry":{"type":"Point","coordinates":[-61.1234678,-33.540858]}},{"type":"Feature","properties":{"tipo":"etiqueta","texto":"30.00","handle":"70FA","layer":"Cloacas"},"geometry":{"type":"Point","coordinates":[-61.1234943,-33.5408118]}},{"type":"Feature","properties":{"tipo":"etiqueta","texto":"34.30","handle":"70FB","layer":"Cloacas"},"geometry":{"type":"Point","coordinates":[-61.1235154,-33.5407775]}},{"type":"Feature","properties":{"tipo":"etiqueta","texto":"44.00","handle":"70FC","layer":"Cloacas"},"geometry":{"type":"Point","coordinates":[-61.1235616,-33.540699]}},{"type":"Feature","properties":{"tipo":"etiqueta","texto":"48.10","handle":"70FD","layer":"Cloacas"},"geometry":{"type":"Point","coordinates":[-61.1235818,-33.5406673]}},{"type":"Feature","properties":{"tipo":"etiqueta","texto":"76.20","handle":"70FE","layer":"Cloacas"},"geometry":{"type":"Point","coordinates":[-61.1237151,-33.5404418]}},{"type":"Feature","properties":{"tipo":"etiqueta","texto":"90.80","handle":"70FF","layer":"Cloacas"},"geometry":{"type":"Point","coordinates":[-61.123784,-33.5403248]}},{"type":"Feature","properties":{"tipo":"etiqueta","texto":"96.70","handle":"7100","layer":"Cloacas"},"geometry":{"type":"Point","coordinates":[-61.123813,-33.5402777]}},{"type":"Feature","properties":{"tipo":"etiqueta","texto":"102.60","handle":"7101","layer":"Cloacas"},"geometry":{"type":"Point","coordinates":[-61.1238405,-33.5402302]}},{"type":"Feature","properties":{"tipo":"etiqueta","texto":"21.00","handle":"7110","layer":"Cloacas"},"geometry":{"type":"Point","coordinates":[-61.1231607,-33.5409726]}},{"type":"Feature","properties":{"tipo":"etiqueta","texto":"37.90","handle":"7111","layer":"Cloacas"},"geometry":{"type":"Point","coordinates":[-61.122998,-33.5409056]}},{"type":"Feature","properties":{"tipo":"etiqueta","texto":"51.20","handle":"7112","layer":"Cloacas"},"geometry":{"type":"Point","coordinates":[-61.1228696,-33.5408527]}},{"type":"Feature","properties":{"tipo":"etiqueta","texto":"60.70","handle":"7113","layer":"Cloacas"},"geometry":{"type":"Point","coordinates":[-61.122779,-33.5408147]}},{"type":"Feature","properties":{"tipo":"etiqueta","texto":"72.30","handle":"7115","layer":"Cloacas"},"geometry":{"type":"Point","coordinates":[-61.1226676,-33.5407685]}},{"type":"Feature","properties":{"tipo":"etiqueta","texto":"81.20","handle":"7116","layer":"Cloacas"},"geometry":{"type":"Point","coordinates":[-61.1225828,-33.5407334]}},{"type":"Feature","properties":{"tipo":"etiqueta","texto":"98.40","handle":"7117","layer":"Cloacas"},"geometry":{"type":"Point","coordinates":[-61.1224165,-33.5406647]}},{"type":"Feature","properties":{"tipo":"etiqueta","texto":"38.00","handle":"7139","layer":"Cloacas"},"geometry":{"type":"Point","coordinates":[-61.1242405,-33.5414186]}},{"type":"Feature","properties":{"tipo":"etiqueta","texto":"44.70","handle":"713A","layer":"Cloacas"},"geometry":{"type":"Point","coordinates":[-61.124176,-33.5413918]}},{"type":"Feature","properties":{"tipo":"etiqueta","texto":"52.40","handle":"713B","layer":"Cloacas"},"geometry":{"type":"Point","coordinates":[-61.1241018,-33.5413611]}},{"type":"Feature","properties":{"tipo":"etiqueta","texto":"65.40","handle":"713C","layer":"Cloacas"},"geometry":{"type":"Point","coordinates":[-61.123977,-33.5413094]}},{"type":"Feature","properties":{"tipo":"etiqueta","texto":"75.20","handle":"713D","layer":"Cloacas"},"geometry":{"type":"Point","coordinates":[-61.1238829,-33.5412706]}},{"type":"Feature","properties":{"tipo":"etiqueta","texto":"78.70","handle":"713E","layer":"Cloacas"},"geometry":{"type":"Point","coordinates":[-61.1238493,-33.5412565]}},{"type":"Feature","properties":{"tipo":"etiqueta","texto":"87.80","handle":"713F","layer":"Cloacas"},"geometry":{"type":"Point","coordinates":[-61.1237616,-33.5412203]}},{"type":"Feature","properties":{"tipo":"etiqueta","texto":"97.80","handle":"7140","layer":"Cloacas"},"geometry":{"type":"Point","coordinates":[-61.1236659,-33.5411803]}},{"type":"Feature","properties":{"tipo":"etiqueta","texto":"101.30","handle":"7141","layer":"Cloacas"},"geometry":{"type":"Point","coordinates":[-61.1236039,-33.5411551]}},{"type":"Feature","properties":{"tipo":"etiqueta","texto":"15.30","handle":"716E","layer":"Cloacas"},"geometry":{"type":"Point","coordinates":[-61.1235386,-33.5409765]}},{"type":"Feature","properties":{"tipo":"etiqueta","texto":"29.90","handle":"716F","layer":"Cloacas"},"geometry":{"type":"Point","coordinates":[-61.1236077,-33.5408598]}},{"type":"Feature","properties":{"tipo":"etiqueta","texto":"35.30","handle":"7170","layer":"Cloacas"},"geometry":{"type":"Point","coordinates":[-61.1236334,-33.5408162]}},{"type":"Feature","properties":{"tipo":"etiqueta","texto":"47.10","handle":"7171","layer":"Cloacas"},"geometry":{"type":"Point","coordinates":[-61.1236897,-33.5407214]}},{"type":"Feature","properties":{"tipo":"etiqueta","texto":"52.90","handle":"7172","layer":"Cloacas"},"geometry":{"type":"Point","coordinates":[-61.1237172,-33.5406755]}},{"type":"Feature","properties":{"tipo":"etiqueta","texto":"65.00","handle":"7173","layer":"Cloacas"},"geometry":{"type":"Point","coordinates":[-61.1237745,-33.540578]}},{"type":"Feature","properties":{"tipo":"etiqueta","texto":"78.50","handle":"7174","layer":"Cloacas"},"geometry":{"type":"Point","coordinates":[-61.1238385,-33.5404701]}},{"type":"Feature","properties":{"tipo":"etiqueta","texto":"84.70","handle":"7175","layer":"Cloacas"},"geometry":{"type":"Point","coordinates":[-61.1238683,-33.5404208]}},{"type":"Feature","properties":{"tipo":"etiqueta","texto":"91.10","handle":"7176","layer":"Cloacas"},"geometry":{"type":"Point","coordinates":[-61.1238989,-33.540369]}},{"type":"Feature","properties":{"tipo":"etiqueta","texto":"20.80","handle":"718F","layer":"Cloacas"},"geometry":{"type":"Point","coordinates":[-61.1246986,-33.5414006]}},{"type":"Feature","properties":{"tipo":"etiqueta","texto":"30.60","handle":"7190","layer":"Cloacas"},"geometry":{"type":"Point","coordinates":[-61.1247463,-33.5413223]}},{"type":"Feature","properties":{"tipo":"etiqueta","texto":"36.60","handle":"7191","layer":"Cloacas"},"geometry":{"type":"Point","coordinates":[-61.1247757,-33.5412745]}},{"type":"Feature","properties":{"tipo":"etiqueta","texto":"40.80","handle":"7192","layer":"Cloacas"},"geometry":{"type":"Point","coordinates":[-61.1247951,-33.5412409]}},{"type":"Feature","properties":{"tipo":"etiqueta","texto":"49.10","handle":"7193","layer":"Cloacas"},"geometry":{"type":"Point","coordinates":[-61.1248341,-33.5411755]}},{"type":"Feature","properties":{"tipo":"etiqueta","texto":"56.40","handle":"7194","layer":"Cloacas"},"geometry":{"type":"Point","coordinates":[-61.1248703,-33.5411164]}},{"type":"Feature","properties":{"tipo":"etiqueta","texto":"65.10","handle":"7195","layer":"Cloacas"},"geometry":{"type":"Point","coordinates":[-61.1249126,-33.5410469]}},{"type":"Feature","properties":{"tipo":"etiqueta","texto":"81.60","handle":"7196","layer":"Cloacas"},"geometry":{"type":"Point","coordinates":[-61.1249922,-33.5409149]}},{"type":"Feature","properties":{"tipo":"etiqueta","texto":"91.00","handle":"7197","layer":"Cloacas"},"geometry":{"type":"Point","coordinates":[-61.125037,-33.5408399]}},{"type":"Feature","properties":{"tipo":"etiqueta","texto":"94.30","handle":"7198","layer":"Cloacas"},"geometry":{"type":"Point","coordinates":[-61.1250536,-33.5408135]}},{"type":"Feature","properties":{"tipo":"etiqueta","texto":"100.00","handle":"71D4","layer":"Cloacas"},"geometry":{"type":"Point","coordinates":[-61.1248971,-33.5416893]}},{"type":"Feature","properties":{"tipo":"etiqueta","texto":"94.30","handle":"71D5","layer":"Cloacas"},"geometry":{"type":"Point","coordinates":[-61.1249515,-33.5417114]}},{"type":"Feature","properties":{"tipo":"etiqueta","texto":"86.30","handle":"71D6","layer":"Cloacas"},"geometry":{"type":"Point","coordinates":[-61.1250278,-33.541743]}},{"type":"Feature","properties":{"tipo":"etiqueta","texto":"70.70","handle":"71D7","layer":"Cloacas"},"geometry":{"type":"Point","coordinates":[-61.1251772,-33.5418053]}},{"type":"Feature","properties":{"tipo":"etiqueta","texto":"68.10","handle":"71D8","layer":"Cloacas"},"geometry":{"type":"Point","coordinates":[-61.1252024,-33.5418157]}},{"type":"Feature","properties":{"tipo":"etiqueta","texto":"56.30","handle":"71D9","layer":"Cloacas"},"geometry":{"type":"Point","coordinates":[-61.1253158,-33.5418626]}},{"type":"Feature","properties":{"tipo":"etiqueta","texto":"19.80","handle":"71EF","layer":"Cloacas"},"geometry":{"type":"Point","coordinates":[-61.1248165,-33.5414594]}},{"type":"Feature","properties":{"tipo":"etiqueta","texto":"29.00","handle":"71F0","layer":"Cloacas"},"geometry":{"type":"Point","coordinates":[-61.1248612,-33.5413862]}},{"type":"Feature","properties":{"tipo":"etiqueta","texto":"42.70","handle":"71F1","layer":"Cloacas"},"geometry":{"type":"Point","coordinates":[-61.1249273,-33.5412764]}},{"type":"Feature","properties":{"tipo":"etiqueta","texto":"49.60","handle":"71F2","layer":"Cloacas"},"geometry":{"type":"Point","coordinates":[-61.1249607,-33.5412213]}},{"type":"Feature","properties":{"tipo":"etiqueta","texto":"60.10","handle":"71F3","layer":"Cloacas"},"geometry":{"type":"Point","coordinates":[-61.1250113,-33.5411377]}},{"type":"Feature","properties":{"tipo":"etiqueta","texto":"63.10","handle":"71F4","layer":"Cloacas"},"geometry":{"type":"Point","coordinates":[-61.1250261,-33.5411138]}},{"type":"Feature","properties":{"tipo":"etiqueta","texto":"69.00","handle":"71F5","layer":"Cloacas"},"geometry":{"type":"Point","coordinates":[-61.1250546,-33.5410671]}},{"type":"Feature","properties":{"tipo":"etiqueta","texto":"78.20","handle":"71F6","layer":"Cloacas"},"geometry":{"type":"Point","coordinates":[-61.1250989,-33.5409934]}},{"type":"Feature","properties":{"tipo":"etiqueta","texto":"93.50","handle":"71F7","layer":"Cloacas"},"geometry":{"type":"Point","coordinates":[-61.1251729,-33.5408711]}},{"type":"Feature","properties":{"tipo":"etiqueta","texto":"103.60","handle":"71F8","layer":"Cloacas"},"geometry":{"type":"Point","coordinates":[-61.1252234,-33.5407911]}},{"type":"Feature","properties":{"tipo":"etiqueta","texto":"17.50","handle":"720C","layer":"Cloacas"},"geometry":{"type":"Point","coordinates":[-61.1262402,-33.5411072]}},{"type":"Feature","properties":{"tipo":"etiqueta","texto":"26.00","handle":"720D","layer":"Cloacas"},"geometry":{"type":"Point","coordinates":[-61.1261585,-33.5410736]}},{"type":"Feature","properties":{"tipo":"etiqueta","texto":"37.50","handle":"720E","layer":"Cloacas"},"geometry":{"type":"Point","coordinates":[-61.1260481,-33.5410278]}},{"type":"Feature","properties":{"tipo":"etiqueta","texto":"47.80","handle":"720F","layer":"Cloacas"},"geometry":{"type":"Point","coordinates":[-61.1259492,-33.5409871]}},{"type":"Feature","properties":{"tipo":"etiqueta","texto":"59.00","handle":"7210","layer":"Cloacas"},"geometry":{"type":"Point","coordinates":[-61.1258414,-33.5409425]}},{"type":"Feature","properties":{"tipo":"etiqueta","texto":"67.00","handle":"7211","layer":"Cloacas"},"geometry":{"type":"Point","coordinates":[-61.1257643,-33.5409105]}},{"type":"Feature","properties":{"tipo":"etiqueta","texto":"80.00","handle":"7212","layer":"Cloacas"},"geometry":{"type":"Point","coordinates":[-61.1256399,-33.5408595]}},{"type":"Feature","properties":{"tipo":"etiqueta","texto":"90.40","handle":"7213","layer":"Cloacas"},"geometry":{"type":"Point","coordinates":[-61.1255394,-33.5408175]}},{"type":"Feature","properties":{"tipo":"etiqueta","texto":"92.00","handle":"7214","layer":"Cloacas"},"geometry":{"type":"Point","coordinates":[-61.125524,-33.540811]}},{"type":"Feature","properties":{"tipo":"etiqueta","texto":"104.10","handle":"7215","layer":"Cloacas"},"geometry":{"type":"Point","coordinates":[-61.1254092,-33.5407632]}},{"type":"Feature","properties":{"tipo":"etiqueta","texto":"110.10","handle":"7216","layer":"Cloacas"},"geometry":{"type":"Point","coordinates":[-61.1253516,-33.5407399]}},{"type":"Feature","properties":{"tipo":"etiqueta","texto":"10.70","handle":"7235","layer":"Cloacas"},"geometry":{"type":"Point","coordinates":[-61.1259021,-33.5419956]}},{"type":"Feature","properties":{"tipo":"etiqueta","texto":"36.20","handle":"7236","layer":"Cloacas"},"geometry":{"type":"Point","coordinates":[-61.1260225,-33.5417945]}},{"type":"Feature","properties":{"tipo":"etiqueta","texto":"65.00","handle":"7237","layer":"Cloacas"},"geometry":{"type":"Point","coordinates":[-61.1261611,-33.5415642]}},{"type":"Feature","properties":{"tipo":"etiqueta","texto":"74.60","handle":"7238","layer":"Cloacas"},"geometry":{"type":"Point","coordinates":[-61.1262081,-33.5414872]}},{"type":"Feature","properties":{"tipo":"etiqueta","texto":"79.80","handle":"7239","layer":"Cloacas"},"geometry":{"type":"Point","coordinates":[-61.1262323,-33.5414461]}},{"type":"Feature","properties":{"tipo":"etiqueta","texto":"84.50","handle":"723A","layer":"Cloacas"},"geometry":{"type":"Point","coordinates":[-61.1262558,-33.5414084]}},{"type":"Feature","properties":{"tipo":"etiqueta","texto":"92.50","handle":"723B","layer":"Cloacas"},"geometry":{"type":"Point","coordinates":[-61.126295,-33.5413443]}},{"type":"Feature","properties":{"tipo":"etiqueta","texto":"96.80","handle":"723C","layer":"Cloacas"},"geometry":{"type":"Point","coordinates":[-61.1263154,-33.5413103]}},{"type":"Feature","properties":{"tipo":"etiqueta","texto":"40.20","handle":"7407","layer":"Cloacas"},"geometry":{"type":"Point","coordinates":[-61.1161724,-33.5382886]}},{"type":"Feature","properties":{"tipo":"etiqueta","texto":"63.00","handle":"7408","layer":"Cloacas"},"geometry":{"type":"Point","coordinates":[-61.1163902,-33.5383793]}},{"type":"Feature","properties":{"tipo":"etiqueta","texto":"69.80","handle":"7409","layer":"Cloacas"},"geometry":{"type":"Point","coordinates":[-61.1164553,-33.5384068]}},{"type":"Feature","properties":{"tipo":"etiqueta","texto":"100.65","handle":"740A","layer":"Cloacas"},"geometry":{"type":"Point","coordinates":[-61.1167519,-33.5385295]}},{"type":"Feature","properties":{"tipo":"etiqueta","texto":"87.50","handle":"740B","layer":"Cloacas"},"geometry":{"type":"Point","coordinates":[-61.1166266,-33.5384764]}},{"type":"Feature","properties":{"tipo":"etiqueta","texto":"24.60","handle":"741F","layer":"Cloacas"},"geometry":{"type":"Point","coordinates":[-61.117215,-33.5387214]}},{"type":"Feature","properties":{"tipo":"etiqueta","texto":"32.40","handle":"7420","layer":"Cloacas"},"geometry":{"type":"Point","coordinates":[-61.1172898,-33.5387524]}},{"type":"Feature","properties":{"tipo":"etiqueta","texto":"41.30","handle":"7421","layer":"Cloacas"},"geometry":{"type":"Point","coordinates":[-61.1173768,-33.5387875]}},{"type":"Feature","properties":{"tipo":"etiqueta","texto":"52.10","handle":"7422","layer":"Cloacas"},"geometry":{"type":"Point","coordinates":[-61.1174805,-33.5388301]}},{"type":"Feature","properties":{"tipo":"etiqueta","texto":"58.40","handle":"7423","layer":"Cloacas"},"geometry":{"type":"Point","coordinates":[-61.1175412,-33.5388551]}},{"type":"Feature","properties":{"tipo":"etiqueta","texto":"66.10","handle":"7424","layer":"Cloacas"},"geometry":{"type":"Point","coordinates":[-61.1176152,-33.5388857]}},{"type":"Feature","properties":{"tipo":"etiqueta","texto":"78.90","handle":"7425","layer":"Cloacas"},"geometry":{"type":"Point","coordinates":[-61.117737,-33.5389363]}},{"type":"Feature","properties":{"tipo":"etiqueta","texto":"94.10","handle":"7426","layer":"Cloacas"},"geometry":{"type":"Point","coordinates":[-61.1178833,-33.5389969]}},{"type":"Feature","properties":{"tipo":"etiqueta","texto":"105.30","handle":"7427","layer":"Cloacas"},"geometry":{"type":"Point","coordinates":[-61.1179896,-33.5390423]}},{"type":"Feature","properties":{"tipo":"etiqueta","texto":"115.90","handle":"7428","layer":"Cloacas"},"geometry":{"type":"Point","coordinates":[-61.1180917,-33.5390841]}},{"type":"Feature","properties":{"tipo":"etiqueta","texto":"13.70","handle":"7445","layer":"Cloacas"},"geometry":{"type":"Point","coordinates":[-61.1183655,-33.5391984]}},{"type":"Feature","properties":{"tipo":"etiqueta","texto":"33.90","handle":"7446","layer":"Cloacas"},"geometry":{"type":"Point","coordinates":[-61.1185621,-33.5392815]}},{"type":"Feature","properties":{"tipo":"etiqueta","texto":"53.40","handle":"7447","layer":"Cloacas"},"geometry":{"type":"Point","coordinates":[-61.1187491,-33.5393595]}},{"type":"Feature","properties":{"tipo":"etiqueta","texto":"79.90","handle":"7448","layer":"Cloacas"},"geometry":{"type":"Point","coordinates":[-61.1190037,-33.5394655]}},{"type":"Feature","properties":{"tipo":"etiqueta","texto":"98.00","handle":"7449","layer":"Cloacas"},"geometry":{"type":"Point","coordinates":[-61.1191774,-33.5395384]}},{"type":"Feature","properties":{"tipo":"etiqueta","texto":"105.30","handle":"744A","layer":"Cloacas"},"geometry":{"type":"Point","coordinates":[-61.1192468,-33.5395687]}},{"type":"Feature","properties":{"tipo":"etiqueta","texto":"19.30","handle":"7467","layer":"Cloacas"},"geometry":{"type":"Point","coordinates":[-61.1196788,-33.5397473]}},{"type":"Feature","properties":{"tipo":"etiqueta","texto":"33.80","handle":"7468","layer":"Cloacas"},"geometry":{"type":"Point","coordinates":[-61.1198176,-33.5398054]}},{"type":"Feature","properties":{"tipo":"etiqueta","texto":"51.50","handle":"7469","layer":"Cloacas"},"geometry":{"type":"Point","coordinates":[-61.1199875,-33.5398766]}},{"type":"Feature","properties":{"tipo":"etiqueta","texto":"74.70","handle":"746A","layer":"Cloacas"},"geometry":{"type":"Point","coordinates":[-61.1202098,-33.5399698]}},{"type":"Feature","properties":{"tipo":"etiqueta","texto":"14.80","handle":"74E4","layer":"Cloacas"},"geometry":{"type":"Point","coordinates":[-61.1165766,-33.5369636]}},{"type":"Feature","properties":{"tipo":"etiqueta","texto":"30.00","handle":"74E5","layer":"Cloacas"},"geometry":{"type":"Point","coordinates":[-61.1167228,-33.5370239]}},{"type":"Feature","properties":{"tipo":"etiqueta","texto":"59.60","handle":"74E6","layer":"Cloacas"},"geometry":{"type":"Point","coordinates":[-61.1170078,-33.5371409]}},{"type":"Feature","properties":{"tipo":"etiqueta","texto":"65.30","handle":"74E7","layer":"Cloacas"},"geometry":{"type":"Point","coordinates":[-61.1170625,-33.5371629]}},{"type":"Feature","properties":{"tipo":"etiqueta","texto":"72.00","handle":"74E8","layer":"Cloacas"},"geometry":{"type":"Point","coordinates":[-61.1171275,-33.5371895]}},{"type":"Feature","properties":{"tipo":"etiqueta","texto":"85.30","handle":"74E9","layer":"Cloacas"},"geometry":{"type":"Point","coordinates":[-61.1172554,-33.5372421]}},{"type":"Feature","properties":{"tipo":"etiqueta","texto":"98.60","handle":"74EA","layer":"Cloacas"},"geometry":{"type":"Point","coordinates":[-61.1173832,-33.537295]}},{"type":"Feature","properties":{"tipo":"etiqueta","texto":"104.50","handle":"74EB","layer":"Cloacas"},"geometry":{"type":"Point","coordinates":[-61.117441,-33.5373175]}},{"type":"Feature","properties":{"tipo":"etiqueta","texto":"43.30","handle":"74EC","layer":"Cloacas"},"geometry":{"type":"Point","coordinates":[-61.1168446,-33.5370836]}},{"type":"Feature","properties":{"tipo":"etiqueta","texto":"57.00","handle":"74ED","layer":"Cloacas"},"geometry":{"type":"Point","coordinates":[-61.1169757,-33.5371378]}},{"type":"Feature","properties":{"tipo":"etiqueta","texto":"75.60","handle":"74EE","layer":"Cloacas"},"geometry":{"type":"Point","coordinates":[-61.1171546,-33.5372114]}},{"type":"Feature","properties":{"tipo":"etiqueta","texto":"85.80","handle":"74EF","layer":"Cloacas"},"geometry":{"type":"Point","coordinates":[-61.1172533,-33.5372515]}},{"type":"Feature","properties":{"tipo":"etiqueta","texto":"93.30","handle":"74F0","layer":"Cloacas"},"geometry":{"type":"Point","coordinates":[-61.1173257,-33.5372811]}},{"type":"Feature","properties":{"tipo":"etiqueta","texto":"104.00","handle":"74F1","layer":"Cloacas"},"geometry":{"type":"Point","coordinates":[-61.1174282,-33.5373246]}},{"type":"Feature","properties":{"tipo":"etiqueta","texto":"7.30","handle":"754D","layer":"Cloacas"},"geometry":{"type":"Point","coordinates":[-61.1178109,-33.5374805]}},{"type":"Feature","properties":{"tipo":"etiqueta","texto":"27.00","handle":"754F","layer":"Cloacas"},"geometry":{"type":"Point","coordinates":[-61.1180002,-33.5375583]}},{"type":"Feature","properties":{"tipo":"etiqueta","texto":"39.10","handle":"7550","layer":"Cloacas"},"geometry":{"type":"Point","coordinates":[-61.1181167,-33.5376066]}},{"type":"Feature","properties":{"tipo":"etiqueta","texto":"51.00","handle":"7551","layer":"Cloacas"},"geometry":{"type":"Point","coordinates":[-61.1182309,-33.5376541]}},{"type":"Feature","properties":{"tipo":"etiqueta","texto":"00.00","handle":"7552","layer":"Cloacas"},"geometry":{"type":"Point","coordinates":[-61.1183365,-33.5376979]}},{"type":"Feature","properties":{"tipo":"etiqueta","texto":"75.70","handle":"7553","layer":"Cloacas"},"geometry":{"type":"Point","coordinates":[-61.1184682,-33.5377525]}},{"type":"Feature","properties":{"tipo":"etiqueta","texto":"85.50","handle":"7554","layer":"Cloacas"},"geometry":{"type":"Point","coordinates":[-61.1185623,-33.5377911]}},{"type":"Feature","properties":{"tipo":"etiqueta","texto":"102.40","handle":"7555","layer":"Cloacas"},"geometry":{"type":"Point","coordinates":[-61.1187255,-33.5378584]}},{"type":"Feature","properties":{"tipo":"etiqueta","texto":"110.60","handle":"7556","layer":"Cloacas"},"geometry":{"type":"Point","coordinates":[-61.1188039,-33.5378905]}},{"type":"Feature","properties":{"tipo":"etiqueta","texto":"114.10","handle":"7557","layer":"Cloacas"},"geometry":{"type":"Point","coordinates":[-61.1188381,-33.5379047]}},{"type":"Feature","properties":{"tipo":"etiqueta","texto":"16.00","handle":"7558","layer":"Cloacas"},"geometry":{"type":"Point","coordinates":[-61.117888,-33.5375214]}},{"type":"Feature","properties":{"tipo":"etiqueta","texto":"28.50","handle":"7559","layer":"Cloacas"},"geometry":{"type":"Point","coordinates":[-61.1180079,-33.5375712]}},{"type":"Feature","properties":{"tipo":"etiqueta","texto":"37.30","handle":"755A","layer":"Cloacas"},"geometry":{"type":"Point","coordinates":[-61.1180927,-33.5376066]}},{"type":"Feature","properties":{"tipo":"etiqueta","texto":"59.50","handle":"755B","layer":"Cloacas"},"geometry":{"type":"Point","coordinates":[-61.1183058,-33.5376951]}},{"type":"Feature","properties":{"tipo":"etiqueta","texto":"64.40","handle":"755C","layer":"Cloacas"},"geometry":{"type":"Point","coordinates":[-61.1183532,-33.5377145]}},{"type":"Feature","properties":{"tipo":"etiqueta","texto":"68.00","handle":"755D","layer":"Cloacas"},"geometry":{"type":"Point","coordinates":[-61.1183878,-33.5377289]}},{"type":"Feature","properties":{"tipo":"etiqueta","texto":"72.50","handle":"755E","layer":"Cloacas"},"geometry":{"type":"Point","coordinates":[-61.1184308,-33.5377468]}},{"type":"Feature","properties":{"tipo":"etiqueta","texto":"79.00","handle":"755F","layer":"Cloacas"},"geometry":{"type":"Point","coordinates":[-61.1184933,-33.5377728]}},{"type":"Feature","properties":{"tipo":"etiqueta","texto":"98.90","handle":"7560","layer":"Cloacas"},"geometry":{"type":"Point","coordinates":[-61.1186845,-33.537852]}},{"type":"Feature","properties":{"tipo":"etiqueta","texto":"99.80","handle":"7561","layer":"Cloacas"},"geometry":{"type":"Point","coordinates":[-61.1186932,-33.5378556]}},{"type":"Feature","properties":{"tipo":"etiqueta","texto":"verificar distancia","handle":"7562","layer":"Cloacas"},"geometry":{"type":"Point","coordinates":[-61.1183426,-33.5376881]}},{"type":"Feature","properties":{"tipo":"etiqueta","texto":"entre 59.50 y","handle":"7563","layer":"Cloacas"},"geometry":{"type":"Point","coordinates":[-61.1183411,-33.5376907]}},{"type":"Feature","properties":{"tipo":"etiqueta","texto":"64.40","handle":"7564","layer":"Cloacas"},"geometry":{"type":"Point","coordinates":[-61.1183395,-33.5376932]}},{"type":"Feature","properties":{"tipo":"etiqueta","texto":"22.08","handle":"75B0","layer":"Cloacas"},"geometry":{"type":"Point","coordinates":[-61.1192094,-33.5380642]}},{"type":"Feature","properties":{"tipo":"etiqueta","texto":"28.17","handle":"75B1","layer":"Cloacas"},"geometry":{"type":"Point","coordinates":[-61.1192678,-33.5380885]}},{"type":"Feature","properties":{"tipo":"etiqueta","texto":"39.52","handle":"75B2","layer":"Cloacas"},"geometry":{"type":"Point","coordinates":[-61.1193768,-33.5381346]}},{"type":"Feature","properties":{"tipo":"etiqueta","texto":"48.74","handle":"75B3","layer":"Cloacas"},"geometry":{"type":"Point","coordinates":[-61.1194649,-33.5381708]}},{"type":"Feature","properties":{"tipo":"etiqueta","texto":"59.39","handle":"75B4","layer":"Cloacas"},"geometry":{"type":"Point","coordinates":[-61.1195671,-33.5382133]}},{"type":"Feature","properties":{"tipo":"etiqueta","texto":"73.86","handle":"75B5","layer":"Cloacas"},"geometry":{"type":"Point","coordinates":[-61.1197057,-33.5382725]}},{"type":"Feature","properties":{"tipo":"etiqueta","texto":"83.76","handle":"75B6","layer":"Cloacas"},"geometry":{"type":"Point","coordinates":[-61.1198003,-33.5383123]}},{"type":"Feature","properties":{"tipo":"etiqueta","texto":"21.32","handle":"75B7","layer":"Cloacas"},"geometry":{"type":"Point","coordinates":[-61.1191957,-33.5380682]}},{"type":"Feature","properties":{"tipo":"etiqueta","texto":"33.51","handle":"75B8","layer":"Cloacas"},"geometry":{"type":"Point","coordinates":[-61.1193123,-33.5381171]}},{"type":"Feature","properties":{"tipo":"etiqueta","texto":"40.30","handle":"75B9","layer":"Cloacas"},"geometry":{"type":"Point","coordinates":[-61.1193773,-33.5381448]}},{"type":"Feature","properties":{"tipo":"etiqueta","texto":"54.83","handle":"75BA","layer":"Cloacas"},"geometry":{"type":"Point","coordinates":[-61.1195166,-33.5382032]}},{"type":"Feature","properties":{"tipo":"etiqueta","texto":"67.00","handle":"75BB","layer":"Cloacas"},"geometry":{"type":"Point","coordinates":[-61.1196332,-33.5382524]}},{"type":"Feature","properties":{"tipo":"etiqueta","texto":"70.81","handle":"75BC","layer":"Cloacas"},"geometry":{"type":"Point","coordinates":[-61.1196696,-33.5382676]}},{"type":"Feature","properties":{"tipo":"etiqueta","texto":"81.48","handle":"75BD","layer":"Cloacas"},"geometry":{"type":"Point","coordinates":[-61.1197717,-33.5383107]}},{"type":"Feature","properties":{"tipo":"etiqueta","texto":"88.33","handle":"75BE","layer":"Cloacas"},"geometry":{"type":"Point","coordinates":[-61.119837,-33.5383383]}},{"type":"Feature","properties":{"tipo":"etiqueta","texto":"93.66","handle":"75BF","layer":"Cloacas"},"geometry":{"type":"Point","coordinates":[-61.1198884,-33.5383596]}},{"type":"Feature","properties":{"tipo":"etiqueta","texto":"24.10","handle":"75EC","layer":"Cloacas"},"geometry":{"type":"Point","coordinates":[-61.1223554,-33.5354635]}},{"type":"Feature","properties":{"tipo":"etiqueta","texto":"41.80","handle":"75ED","layer":"Cloacas"},"geometry":{"type":"Point","coordinates":[-61.1225255,-33.5355331]}},{"type":"Feature","properties":{"tipo":"etiqueta","texto":"94.30","handle":"75EE","layer":"Cloacas"},"geometry":{"type":"Point","coordinates":[-61.1230317,-33.5357399]}},{"type":"Feature","properties":{"tipo":"etiqueta","texto":"85.30","handle":"75EF","layer":"Cloacas"},"geometry":{"type":"Point","coordinates":[-61.1229378,-33.5357114]}},{"type":"Feature","properties":{"tipo":"etiqueta","texto":"57.20","handle":"75F0","layer":"Cloacas"},"geometry":{"type":"Point","coordinates":[-61.1226676,-33.5356009]}},{"type":"Feature","properties":{"tipo":"etiqueta","texto":"52.40","handle":"75F1","layer":"Cloacas"},"geometry":{"type":"Point","coordinates":[-61.1226209,-33.535582]}},{"type":"Feature","properties":{"tipo":"etiqueta","texto":"34.70","handle":"7640","layer":"Cloacas"},"geometry":{"type":"Point","coordinates":[-61.1217937,-33.5352321]}},{"type":"Feature","properties":{"tipo":"etiqueta","texto":"46.00","handle":"7641","layer":"Cloacas"},"geometry":{"type":"Point","coordinates":[-61.1216848,-33.5351869]}},{"type":"Feature","properties":{"tipo":"etiqueta","texto":"57.84","handle":"7642","layer":"Cloacas"},"geometry":{"type":"Point","coordinates":[-61.1215711,-33.5351402]}},{"type":"Feature","properties":{"tipo":"etiqueta","texto":"82.50","handle":"7643","layer":"Cloacas"},"geometry":{"type":"Point","coordinates":[-61.1213339,-33.5350422]}},{"type":"Feature","properties":{"tipo":"etiqueta","texto":"105.50","handle":"7644","layer":"Cloacas"},"geometry":{"type":"Point","coordinates":[-61.1211141,-33.5349511]}},{"type":"Feature","properties":{"tipo":"etiqueta","texto":"126.80","handle":"7653","layer":"Cloacas"},"geometry":{"type":"Point","coordinates":[-61.120914,-33.5348681]}},{"type":"Feature","properties":{"tipo":"etiqueta","texto":"60.88","handle":"7654","layer":"Cloacas"},"geometry":{"type":"Point","coordinates":[-61.1215419,-33.5351282]}},{"type":"Feature","properties":{"tipo":"etiqueta","texto":"61.70","handle":"7657","layer":"Cloacas"},"geometry":{"type":"Point","coordinates":[-61.1215363,-33.5351276]}},{"type":"Feature","properties":{"tipo":"etiqueta","texto":"91.00","handle":"7658","layer":"Cloacas"},"geometry":{"type":"Point","coordinates":[-61.1212542,-33.5350106]}},{"type":"Feature","properties":{"tipo":"etiqueta","texto":"100.20","handle":"7659","layer":"Cloacas"},"geometry":{"type":"Point","coordinates":[-61.1211671,-33.5349747]}},{"type":"Feature","properties":{"tipo":"etiqueta","texto":"112.40","handle":"765A","layer":"Cloacas"},"geometry":{"type":"Point","coordinates":[-61.1210502,-33.5349265]}},{"type":"Feature","properties":{"tipo":"etiqueta","texto":"127.10","handle":"765B","layer":"Cloacas"},"geometry":{"type":"Point","coordinates":[-61.1209091,-33.5348683]}},{"type":"Feature","properties":{"tipo":"etiqueta","texto":"55.00","handle":"765C","layer":"Cloacas"},"geometry":{"type":"Point","coordinates":[-61.1216002,-33.5351541]}},{"type":"Feature","properties":{"tipo":"etiqueta","texto":"21.60","handle":"76A6","layer":"Cloacas"},"geometry":{"type":"Point","coordinates":[-61.1198318,-33.5344339]}},{"type":"Feature","properties":{"tipo":"etiqueta","texto":"44.00","handle":"76A7","layer":"Cloacas"},"geometry":{"type":"Point","coordinates":[-61.1200484,-33.5345218]}},{"type":"Feature","properties":{"tipo":"etiqueta","texto":"58.60","handle":"76A8","layer":"Cloacas"},"geometry":{"type":"Point","coordinates":[-61.1201886,-33.5345791]}},{"type":"Feature","properties":{"tipo":"etiqueta","texto":"68.80","handle":"76A9","layer":"Cloacas"},"geometry":{"type":"Point","coordinates":[-61.1202868,-33.534619]}},{"type":"Feature","properties":{"tipo":"etiqueta","texto":"82.00","handle":"76AA","layer":"Cloacas"},"geometry":{"type":"Point","coordinates":[-61.1204138,-33.5346712]}},{"type":"Feature","properties":{"tipo":"etiqueta","texto":"95.70","handle":"76AB","layer":"Cloacas"},"geometry":{"type":"Point","coordinates":[-61.1205462,-33.5347251]}},{"type":"Feature","properties":{"tipo":"etiqueta","texto":"73.60","handle":"76AD","layer":"Cloacas"},"geometry":{"type":"Point","coordinates":[-61.12034,-33.5346309]}},{"type":"Feature","properties":{"tipo":"etiqueta","texto":"38.00","handle":"777D","layer":"Cloacas"},"geometry":{"type":"Point","coordinates":[-61.1162534,-33.5381293]}},{"type":"Feature","properties":{"tipo":"etiqueta","texto":"60.00","handle":"777E","layer":"Cloacas"},"geometry":{"type":"Point","coordinates":[-61.1164646,-33.5382173]}},{"type":"Feature","properties":{"tipo":"etiqueta","texto":"72.80","handle":"777F","layer":"Cloacas"},"geometry":{"type":"Point","coordinates":[-61.1165873,-33.5382681]}},{"type":"Feature","properties":{"tipo":"etiqueta","texto":"88.60","handle":"7780","layer":"Cloacas"},"geometry":{"type":"Point","coordinates":[-61.1167392,-33.5383315]}},{"type":"Feature","properties":{"tipo":"etiqueta","texto":"101.20","handle":"7781","layer":"Cloacas"},"geometry":{"type":"Point","coordinates":[-61.1168605,-33.5383814]}},{"type":"Feature","properties":{"tipo":"etiqueta","texto":"112.50","handle":"7782","layer":"Cloacas"},"geometry":{"type":"Point","coordinates":[-61.1169695,-33.5384267]}}]}